Geographic Area Name,Median Income,Margin of Error,Median Income In Thousands
8006,248571,33115,248.571
8012,246806,46133,246.806
8200,233977,42305,233.977
8003,225417,61846,225.417
8007,219792,40863,219.792
706,216667,76591,216.667
8122,215132,53650,215.132
8124,208438,34952,208.438
8011,194766,21622,194.766
812.02,193906,85934,193.906
8199,193194,22802,193.194
513,192083,15521,192.083
710,189219,56857,189.219
8196,183720,47255,183.72
8198.01,183190,23651,183.19
704,182750,72510,182.75
626,182563,38368,182.563
8002,181771,69505,181.771
8018,181250,50865,181.25
628,180431,36520,180.431
703,177500,23068,177.5
8036.03,177039,18825,177.039
3201.02,176506,48034,176.506
711,175625,50558,175.625
717,173750,58479,173.75
8017.01,170446,39725,170.446
8042.03,168580,58072,168.58
623,166094,19778,166.094
819,164554,79516,164.554
8090,162917,32493,162.917
8198.02,161364,38903,161.364
8202.03,160913,60292,160.913
2402,160827,9579,160.827
625,160208,40867,160.208
505,160045,31954,160.045
8310,159375,25494,159.375
2421,158885,52434,158.885
2415,158750,14414,158.75
8019.02,157969,38694,157.969
2222,157277,23906,157.277
716,157083,14821,157.083
8086,155625,28314,155.625
8326,154191,9039,154.191
818,154089,17748,154.089
622,153646,33042,153.646
3301.01,153561,49428,153.561
8437,153424,37681,153.424
2405,152352,30955,152.352
8190,151964,19747,151.964
8042.02,151411,20774,151.411
8017.02,151154,42274,151.154
3204,149914,42810,149.914
7201,148889,16812,148.889
8022,148427,17264,148.427
2413,147875,25168,147.875
2216,147344,20313,147.344
8423,147056,27018,147.056
627,147000,64612,147
508,146750,39869,146.75
8089,146000,33023,146
512,145481,12328,145.481
8330,145236,33831,145.236
604,144453,25676,144.453
707,143393,25373,143.393
8014,143365,7738,143.365
8041.09,143250,25166,143.25
511,142708,41952,142.708
1201,142467,15634,142.467
718,142450,49507,142.45
8088,142237,34473,142.237
2435,141894,17937,141.894
8016.06,141708,22014,141.708
803,141439,16622,141.439
8123.02,141250,33505,141.25
8240.06,141118,19323,141.118
8325,140592,33672,140.592
2422,138654,10778,138.654
8056,137895,19895,137.895
8240.05,137813,25988,137.813
8041.02,137500,23984,137.5
1611,137292,25716,137.292
8013,137143,48223,137.143
2414,137049,14762,137.049
8132,136795,19098,136.795
8197,136753,25283,136.753
8057.01,136698,16136,136.698
8241.26,136620,28541,136.62
705,136016,23131,136.016
1203,135395,29525,135.395
8130,135000,16098,135
8043.12,134722,33515,134.722
8129,134531,9978,134.531
8029,133602,32380,133.602
8055.02,132885,25056,132.885
8041.04,132692,8805,132.692
8021,132321,34266,132.321
8016.05,131960,27589,131.96
8026.07,131875,26102,131.875
8331,131852,28087,131.852
8042.04,131818,26146,131.818
8041.05,131797,15715,131.797
8157.01,131733,9801,131.733
2406,131528,23383,131.528
8030.08,131500,22510,131.5
8119,131371,30114,131.371
8057.02,129886,24645,129.886
503,129583,26959,129.583
514,129531,15475,129.531
2420,128793,14510,128.793
8010,128229,27322,128.229
7203,127112,38142,127.112
2403,126167,38116,126.167
8322,125833,34157,125.833
3301.02,125500,29081,125.5
8035,125316,17872,125.316
2801,124688,23034,124.688
8031,124605,15727,124.605
8121,124455,5029,124.455
8020.02,124408,35498,124.408
624,124355,21626,124.355
1202,124261,15373,124.261
615,124231,10028,124.231
7206,124219,24258,124.219
8120,123494,20785,123.494
8043.14,123450,31398,123.45
8241.14,123393,23759,123.393
8045.14,123377,29631,123.377
8046.06,123250,21438,123.25
2428,122650,40506,122.65
814.02,121839,39794,121.839
8041.06,121636,17188,121.636
8071,121484,15848,121.484
8078,121103,29995,121.103
714,120938,20884,120.938
507,120278,25339,120.278
816,120164,32814,120.164
501,120045,25177,120.045
510,118523,26157,118.523
3302,118516,14448,118.516
8020.03,118438,11869,118.438
8034,118364,14113,118.364
8324,117853,20896,117.853
801,117802,15815,117.802
8050.01,117778,13095,117.778
8104,117629,15448,117.629
2432,116875,33345,116.875
8049.01,116765,11918,116.765
8016.08,116583,13585,116.583
509,116399,9651,116.399
815,115938,39346,115.938
8099,115882,24022,115.882
8009,115385,16426,115.385
8028.01,115380,6853,115.38
712,115250,24771,115.25
603,115221,34879,115.221
8016.07,115000,15988,115
8075,114904,10186,114.904
902,114511,16065,114.511
8320,114479,19806,114.479
8097,114167,17530,114.167
4111,114045,12767,114.045
502,113984,39416,113.984
8319,113889,23369,113.889
901,113843,17012,113.843
8047.06,113750,12513,113.75
7403,113719,22631,113.719
8309,113359,18531,113.359
629,113243,15044,113.243
802.01,113219,31236,113.219
8045.12,113186,29565,113.186
8030.1,113021,14187,113.021
8239.01,113015,27142,113.015
8419,112988,10537,112.988
2433,112500,28996,112.5
7205,112500,21524,112.5
3201.01,112125,27891,112.125
8028.02,111667,23172,111.667
8033,111550,11529,111.55
8048.08,111071,16891,111.071
8026.1,111042,12370,111.042
8323,110943,8422,110.943
8201.01,110833,19412,110.833
2412,110580,27924,110.58
8241.13,110568,15437,110.568
2429,110375,29561,110.375
8008,110025,49936,110.025
610,109973,11777,109.973
817,109818,27148,109.818
8084,109813,18432,109.813
2819,109670,7296,109.67
8016.01,108333,16681,108.333
8055.01,108285,12348,108.285
8064,108250,24237,108.25
8100,108125,14671,108.125
8049.02,107862,22977,107.862
814.03,107833,27887,107.833
8045.06,107625,19061,107.625
8067,107130,25558,107.13
8391,106875,10475,106.875
8058.01,106838,24636,106.838
8030.16,106833,9976,106.833
1004,106744,20980,106.744
3206,106723,7838,106.723
7402,106406,15681,106.406
8043.13,106220,21706,106.22
8238.01,105781,11176,105.781
5609,105129,17987,105.129
8058.02,105057,27329,105.057
8079,104943,25405,104.943
2212,104906,32205,104.906
634,104878,21525,104.878
8036.07,104874,11734,104.874
2505,104809,37148,104.809
8094.01,104250,51300,104.25
8059.02,104222,12263,104.222
8298,104083,19375,104.083
611,103889,23529,103.889
8085,103877,13507,103.877
8015,103856,17772,103.856
404.01,103696,21399,103.696
713,103409,32552,103.409
8052.01,103190,22959,103.19
506,103125,20229,103.125
8420,103125,24459,103.125
2416,102917,8629,102.917
7503,102543,10653,102.543
8157.02,102377,31055,102.377
2225,102361,25909,102.361
8241.05,102298,19077,102.298
8103.02,102024,29759,102.024
8046.09,101923,19890,101.923
8046.07,101815,22644,101.815
1602,101806,32293,101.806
8187,101765,17001,101.765
612,101683,25679,101.683
8239.04,101615,15144,101.615
305,101607,16758,101.607
8131,101538,16594,101.538
8091,101406,28892,101.406
601,101375,19265,101.375
8046.08,101189,28483,101.189
8182,101069,16691,101.069
202,100689,25348,100.689
7504,100556,24706,100.556
7706.01,100531,13887,100.531
1001,100500,18078,100.5
1505.01,100431,21659,100.431
8240.03,99958,20445,99.958
8300.04,99866,16397,99.866
8300.03,99861,20467,99.861
812.01,99759,14768,99.759
8288.01,99727,12628,99.727
8390,99438,27316,99.438
5610,99274,21406,99.274
8026.05,99189,14853,99.189
7204,99100,9166,99.1
630,99041,9485,99.041
8038,98750,17047,98.75
8037.02,98578,28634,98.578
8241.22,98397,13546,98.397
2431,98102,16698,98.102
903,97885,13306,97.885
702,97847,17698,97.847
1204,97829,27498,97.829
8241.27,97821,33180,97.821
8043.06,97167,33041,97.167
8286.02,97135,8387,97.135
8025.03,96917,18107,96.917
1002,96831,14577,96.831
407,96791,16662,96.791
8241.06,96786,13855,96.786
8241.25,96775,29254,96.775
8181,96750,29463,96.75
8043.16,96518,14011,96.518
715,96050,13029,96.05
8030.17,95795,21156,95.795
8189,95740,5986,95.74
8300.08,95724,16247,95.724
8080.01,95403,19345,95.403
8422,95296,21509,95.296
8188,95000,14211,95
631,94929,20166,94.929
8047.16,94912,7282,94.912
7202,94896,22574,94.896
621,94607,26273,94.607
8186,94589,17274,94.589
8048.09,94196,17499,94.196
8027.01,93902,16351,93.902
8023,93836,23011,93.836
8045.13,93750,31611,93.75
8237.04,93611,16152,93.611
8043.15,93590,14047,93.59
8041.08,93048,11188,93.048
1302,93000,29478,93
8239.03,93000,23642,93
8158,92917,29635,92.917
813,92731,23733,92.731
2203,92647,18139,92.647
8061.02,92563,30109,92.563
2109,92414,26770,92.414
8019.01,92333,10969,92.333
8054.02,92321,13172,92.321
3902,92292,14538,92.292
633.03,92200,11013,92.2
8300.05,92153,14165,92.153
1007,92147,21637,92.147
1610,92105,10163,92.105
1105.01,91721,6640,91.721
2204,91637,22361,91.637
8027.02,91442,16927,91.442
8245.09,91250,24528,91.25
8048.07,91163,7412,91.163
8240.04,91135,9664,91.135
2423,91119,7841,91.119
8030.13,91094,29486,91.094
802.02,90918,8636,90.918
2424,90893,14010,90.893
1609,90875,22906,90.875
8241.19,90840,21531,90.84
8030.07,90833,17820,90.833
1705,90804,11680,90.804
8048.05,90597,16000,90.597
203.02,90560,28231,90.56
8030.15,90526,12269,90.526
8051.09,90417,17638,90.417
8206.06,90208,18571,90.208
8043.09,90111,17909,90.111
2101,89972,11245,89.972
8383,89968,23268,89.968
8037.01,89808,8282,89.808
8209.02,89750,19442,89.75
8063,89417,12947,89.417
2430,89196,25273,89.196
8160,89188,14285,89.188
404.02,89125,9662,89.125
8299.04,89071,13709,89.071
8110,89022,16441,89.022
8047.12,88807,12575,88.807
309,88796,11565,88.796
2434,88625,33440,88.625
3102,88625,23607,88.625
8123.01,88529,11282,88.529
1403.02,88190,17696,88.19
5611,88070,16088,88.07
7704,88068,13163,88.068
8236.04,87750,17376,87.75
8185,87538,10216,87.538
8060.05,87516,27176,87.516
2411,87454,17270,87.454
1005,87443,17502,87.443
2838,87368,24674,87.368
8047.1,87311,7416,87.311
8066,86853,15165,86.853
8286.01,86671,5573,86.671
8045.09,86579,13887,86.579
402.01,86557,11439,86.557
8030.05,86548,14787,86.548
8047.13,86307,12982,86.307
8039.02,86250,13189,86.25
8061.03,86250,5106,86.25
8400,86176,25513,86.176
8222,86151,14158,86.151
8219,86121,8848,86.121
8301,86106,26408,86.106
8036.08,85962,24167,85.962
8226.01,85954,13586,85.954
7404,85824,18240,85.824
8051.1,85759,7788,85.759
8202.04,85667,39911,85.667
1504.02,85568,4610,85.568
8217,85446,14807,85.446
5608,85304,20521,85.304
1103,85263,14269,85.263
633.02,85152,14024,85.152
620,85144,15058,85.144
2407,84896,28416,84.896
7401,84800,17721,84.8
308,84794,9573,84.794
8054.01,84625,29164,84.625
8241.29,84507,20037,84.507
701.02,84365,8162,84.365
406,84362,10460,84.362
8103.01,84271,20765,84.271
2214,84063,24071,84.063
7304,84000,22983,84
7709.01,83990,17173,83.99
8025.04,83958,9514,83.958
8025.06,83958,7644,83.958
8426,83958,11877,83.958
602,83897,19709,83.897
8032,83844,16602,83.844
8044.03,83837,7860,83.837
8048.06,83529,17127,83.529
8236.05,83352,20964,83.352
8225,83333,20468,83.333
8279.01,83333,11877,83.333
2210,83295,13862,83.295
8044.04,83209,12449,83.209
8105.02,83068,20724,83.068
1506,83049,16019,83.049
403,83000,17998,83
2205,83000,11380,83
8047.09,82717,15764,82.717
8052.02,82672,11944,82.672
2206.01,82656,23256,82.656
1101,82538,16907,82.538
3301.03,82491,27592,82.491
2106.02,82420,23994,82.42
8047.14,82358,8526,82.358
1703,82196,7753,82.196
8410,82159,41302,82.159
8241.21,82104,4853,82.104
7005.02,82040,5702,82.04
401,81984,18270,81.984
811,81976,8860,81.976
8082,81952,7335,81.952
310,81898,9341,81.898
8053.01,81818,23849,81.818
8299.02,81221,10044,81.221
1704,81133,20806,81.133
8321,80785,19214,80.785
8253.04,80508,10778,80.508
8241.23,80444,6951,80.444
8101,80422,16863,80.422
8302.02,80372,11969,80.372
1003,80339,13395,80.339
4112,80313,50749,80.313
8153,80192,14681,80.192
1601,80156,22386,80.156
8118,80084,7567,80.084
8241.28,80000,8749,80
408,79922,16360,79.922
8036.16,79898,27147,79.898
8036.04,79875,4039,79.875
8040,79683,12349,79.683
8072,79676,18411,79.676
7004.01,79318,19578,79.318
1702,79261,19061,79.261
8108,79063,8392,79.063
1512,79038,11252,79.038
8115,79006,11629,79.006
8048.03,79000,10329,79
8246.01,78914,5119,78.914
8226.02,78694,3164,78.694
8278.02,78482,18491,78.482
2410,78203,12332,78.203
8252,78138,18508,78.138
2106.01,78109,11985,78.109
8036.05,78107,22744,78.107
8299.03,78032,18631,78.032
2916,77917,40309,77.917
2226,77760,20635,77.76
701.01,77697,12005,77.697
7003.02,77396,13841,77.396
8053.02,77266,35112,77.266
302,77226,13466,77.226
8193,77212,18541,77.212
8246.02,77163,15997,77.163
8046.11,77083,13935,77.083
8223.01,77045,26883,77.045
1711,77009,16268,77.009
1710,76979,19377,76.979
8308,76968,7491,76.968
1607,76829,18298,76.829
8059.01,76764,13973,76.764
8311,76754,23136,76.754
1510.01,76563,13691,76.563
7207,76534,21259,76.534
2426,76473,8285,76.473
8358,76473,9985,76.473
8253.02,76389,11163,76.389
1503,76345,11978,76.345
8399,76313,21592,76.313
8147,76295,10088,76.295
2301,76250,28194,76.25
8285.07,76154,14662,76.154
1507,75969,11494,75.969
8192,75917,12591,75.917
8047.11,75818,6256,75.818
619.02,75670,4601,75.67
7702.01,75646,5033,75.646
1407.01,75585,7655,75.585
8048.1,75578,18823,75.578
8184.02,75549,21065,75.549
8382,75500,34915,75.5
8105.01,75449,19548,75.449
8201.03,75433,5596,75.433
8039.01,75274,11246,75.274
8043.05,75274,18748,75.274
2211,74931,13257,74.931
8047.01,74904,15413,74.904
8241.07,74894,15325,74.894
8146,74868,17389,74.868
8195,74856,10901,74.856
4804,74597,25348,74.597
1405,74583,18696,74.583
8074,74583,13170,74.583
318,74309,12866,74.309
207.01,74167,39929,74.167
1404,74131,20231,74.131
8293.01,74087,16240,74.087
7002,73946,11272,73.946
1913.01,73828,21563,73.828
1408,73704,17564,73.704
409,73681,22497,73.681
8030.12,73625,16783,73.625
7703,73554,10760,73.554
8155,73549,11530,73.549
319,73424,17117,73.424
8128.02,73319,18233,73.319
2107,73286,14248,73.286
8208,73250,8078,73.25
8218,73179,12254,73.179
8044.06,73125,16122,73.125
8095,73083,13212,73.083
8080.02,73011,12630,73.011
7709.02,72857,19515,72.857
7004.02,72721,14428,72.721
1605.02,72540,14121,72.54
8043.08,72500,12369,72.5
8069,72337,12483,72.337
8169,72152,9060,72.152
2228,72125,36997,72.125
8211.02,72074,17687,72.074
8288.02,72074,4097,72.074
608,72061,11954,72.061
8114.01,72004,12649,72.004
8211.01,71997,5143,71.997
8076,71962,17620,71.962
8024.03,71944,8119,71.944
1406.02,71875,35475,71.875
1707,71786,14843,71.786
2427,71705,14938,71.705
8047.05,71696,15293,71.696
4109,71682,8087,71.682
8216,71644,5244,71.644
8145,71638,9060,71.638
8194,71467,19634,71.467
311,71420,11383,71.42
5304,71417,15889,71.417
1504.01,71250,13659,71.25
8171.02,71250,15638,71.25
1006,71198,16209,71.198
314,71181,12920,71.181
8051.06,70921,11944,70.921
2229,70855,29655,70.855
206.02,70795,11911,70.795
2213,70709,20239,70.709
1904.01,70510,8935,70.51
1605.01,70347,13146,70.347
8036.15,70288,26369,70.288
8168,70261,7671,70.261
2828,70194,15542,70.194
3907,70192,13495,70.192
8403,70185,18661,70.185
8407,70163,34402,70.163
1608,70035,13274,70.035
2425,69950,10566,69.95
1502,69881,20002,69.881
7001,69839,23168,69.839
3104,69738,8766,69.738
8159,69718,10268,69.718
317,69688,14524,69.688
7502,69682,35360,69.682
8048.04,69600,17359,69.6
8046.1,69583,9187,69.583
5905,69550,20774,69.55
7608.01,69534,14927,69.534
8233.03,69514,10732,69.514
6505,69457,17392,69.457
1510.02,69450,14125,69.45
8151,69435,9622,69.435
814.01,69432,13543,69.432
810,69379,12397,69.379
1508,69155,16486,69.155
8083.02,69103,16088,69.103
8360,69056,14752,69.056
8112,69033,11781,69.033
1706,69011,7089,69.011
7706.02,69010,13270,69.01
8044.05,69010,4564,69.01
8205.01,68973,9469,68.973
8045.1,68917,8670,68.917
8068.02,68870,8315,68.87
8237.02,68813,14611,68.813
8113.01,68622,13535,68.622
7702.02,68558,6702,68.558
8245.03,68393,6382,68.393
5607,68320,11583,68.32
8046.03,68217,8525,68.217
8051.05,68119,9330,68.119
304,68102,19155,68.102
1606.01,68092,12453,68.092
1104,68080,7271,68.08
7302.02,68036,18872,68.036
8024.02,67816,7189,67.816
4406,67813,11207,67.813
8284.01,67750,11147,67.75
8221.01,67528,6124,67.528
8045.05,67461,10834,67.461
8127,67407,11160,67.407
632,67406,21167,67.406
8030.14,67356,7174,67.356
6201,67310,13515,67.31
2227,67283,9633,67.283
609,67257,23007,67.257
8177,67250,9336,67.25
8207,67246,13993,67.246
8228.01,67198,18308,67.198
8250,67193,7874,67.193
8073,67010,6754,67.01
8241.24,66953,21061,66.953
8026.08,66947,7671,66.947
8114.02,66875,11852,66.875
8253.03,66799,9615,66.799
8254,66723,18409,66.723
8228.02,66705,22979,66.705
3906,66667,64789,66.667
8162,66655,6103,66.655
8065.02,66600,7346,66.6
8245.07,66538,15610,66.538
7708,66403,25108,66.403
8206.03,66354,11096,66.354
1603,66338,9096,66.338
1406.01,66250,21684,66.25
1606.02,66250,9505,66.25
2408,66250,15779,66.25
8232,66250,13135,66.25
1505.02,66234,13845,66.234
5205,66164,15137,66.164
7003.01,66163,6600,66.163
1511,66118,15676,66.118
3106,66074,6391,66.074
8098,66071,31508,66.071
8201.04,66023,13396,66.023
1303,65995,10943,65.995
4407,65903,18154,65.903
2302,65898,16593,65.898
8278.01,65833,3521,65.833
204,65776,9612,65.776
2215,65766,7897,65.766
8107.02,65750,7274,65.75
6404,65741,15427,65.741
2827,65650,18326,65.65
2004.02,65645,15006,65.645
5907,65491,29062,65.491
6405,65474,9175,65.474
8068.01,65461,8757,65.461
8378,65396,30258,65.396
8163,65291,6161,65.291
1402,65202,13848,65.202
8227.02,65104,10990,65.104
8236.02,65046,13192,65.046
1102,65034,26653,65.034
5201,65000,25938,65
5305.02,65000,15003,65
8282.01,65000,21881,65
8241.15,64917,32905,64.917
8137.02,64896,19024,64.896
8235,64804,8982,64.804
8128.01,64760,7393,64.76
8083.01,64714,20593,64.714
321,64712,12565,64.712
8237.05,64609,13053,64.609
618,64423,9976,64.423
8070,64400,18348,64.4
8398,64348,11166,64.348
8125,64347,3427,64.347
8263.01,64310,13227,64.31
701.03,64283,8688,64.283
2832,64265,14772,64.265
7005.01,64022,7943,64.022
2105.02,63993,11672,63.993
1709,63977,25636,63.977
8247.01,63900,18362,63.9
1903,63864,18940,63.864
2207.02,63594,8888,63.594
8329,63587,11432,63.587
1902,63378,13031,63.378
2108,63355,28892,63.355
8278.05,63261,25372,63.261
5803,63146,13080,63.146
8166,63105,11258,63.105
8126,63056,8265,63.056
8397,63056,19432,63.056
8278.04,63036,35607,63.036
203.01,62917,6788,62.917
8241.16,62815,13520,62.815
8051.11,62683,10145,62.683
5906,62625,16897,62.625
8183,62614,9257,62.614
8060.06,62565,12165,62.565
8282.02,62500,16232,62.5
8231.02,62467,17259,62.467
2207.01,62449,7007,62.449
8285.05,62346,19145,62.346
8287.02,62286,13250,62.286
3108,62202,9893,62.202
8150,62196,13640,62.196
8202.02,62181,6178,62.181
8025.05,62130,8872,62.13
8036.13,62115,10200,62.115
8051.12,62054,7852,62.054
8287.01,62021,21508,62.021
8333,61964,24276,61.964
4605,61896,25875,61.896
8245.05,61836,8120,61.836
8102,61775,8927,61.775
8062.02,61764,5195,61.764
2209.02,61736,11327,61.736
5604,61719,14231,61.719
6108,61591,17355,61.591
8045.11,61538,4215,61.538
5001,61531,15027,61.531
6403,61505,14961,61.505
1105.02,61486,15631,61.486
1906.02,61328,16897,61.328
301.03,61313,8466,61.313
5704,61275,14920,61.275
633.01,61139,6229,61.139
6009,61120,5259,61.12
8045.08,61090,12714,61.09
5701,61042,10754,61.042
8135,60994,5802,60.994
307.02,60992,14626,60.992
8245.08,60966,12590,60.966
8117.01,60942,7431,60.942
5206,60871,16936,60.871
6502,60788,46165,60.788
1403.01,60506,6750,60.506
8209.01,60500,14093,60.5
8174,60303,12218,60.303
8203,60241,15762,60.241
8255.05,60204,5899,60.204
8087.02,60125,18555,60.125
8161,60109,20310,60.109
1910,59826,27816,59.826
7608.02,59688,16318,59.688
8016.03,59671,21086,59.671
8258.02,59634,13415,59.634
1906.01,59388,29502,59.388
3109,59333,17536,59.333
8315,59240,16144,59.24
8307,59226,11330,59.226
4403,59128,14131,59.128
5602,59107,13669,59.107
6503.01,58972,11278,58.972
8106,58910,9823,58.91
4306,58800,23948,58.8
1909,58750,9784,58.75
8343,58750,19379,58.75
8140,58690,16139,58.69
8279.02,58625,11636,58.625
7707,58500,12919,58.5
2001,58469,10288,58.469
8221.02,58388,11958,58.388
1801,58353,13260,58.353
3103,58333,10208,58.333
8051.07,58328,10191,58.328
1708,58304,16104,58.304
4905,58295,11235,58.295
8060.02,58247,11250,58.247
1908,58212,14838,58.212
1904.02,58056,15652,58.056
8255.01,57976,10440,57.976
8238.03,57891,33004,57.891
4105,57794,19233,57.794
4902,57731,7738,57.731
8036.11,57730,16600,57.73
1612,57574,10020,57.574
8214.02,57545,9666,57.545
8062.01,57509,17692,57.509
8318,57500,13376,57.5
1913.02,57424,15206,57.424
8184.01,57344,9952,57.344
208.01,57295,16703,57.295
8077,57250,28703,57.25
2304,57200,28522,57.2
2002,57143,6878,57.143
106,57118,10516,57.118
2308,57105,15134,57.105
8116,57089,5944,57.089
8223.02,57071,21801,57.071
4801,57024,16229,57.024
8255.04,56964,17071,56.964
6407,56927,11748,56.927
8227.01,56880,8968,56.88
8237.03,56853,7203,56.853
8401,56768,6264,56.768
8136,56763,5832,56.763
8156,56683,12853,56.683
2206.02,56635,7290,56.635
8036.12,56591,5346,56.591
2409,56563,27369,56.563
2209.01,56316,18387,56.316
8230.01,56250,11377,56.25
8231.01,56154,16943,56.154
6204,56078,20618,56.078
5808,56000,19066,56
1907.01,55921,13253,55.921
8283,55917,10717,55.917
8142,55738,4926,55.738
1604,55673,9990,55.673
8117.02,55673,16531,55.673
8238.05,55655,10368,55.655
8300.06,55634,13670,55.634
5502,55625,27600,55.625
1407.02,55568,7728,55.568
3901,55529,53891,55.529
8051.08,55485,11327,55.485
8210.02,55324,14026,55.324
8280,55299,10802,55.299
8148,55226,4540,55.226
8170,55179,9662,55.179
2309,55123,5750,55.123
8304,55053,3810,55.053
1401,55000,14501,55
5501,54970,18384,54.97
8134,54957,7548,54.957
2003,54943,24839,54.943
8342,54830,13947,54.83
8152,54808,10135,54.808
8316,54755,14609,54.755
7305,54554,17284,54.554
206.01,54544,11892,54.544
619.01,54516,13861,54.516
8024.04,54491,15523,54.491
8205.02,54375,13932,54.375
3501,54352,5109,54.352
313,54325,7065,54.325
8179,54320,16877,54.32
8060.04,54298,10539,54.298
2004.01,54205,13587,54.205
8413,54152,14919,54.152
7501,54135,27924,54.135
8289,54115,14438,54.115
8432,54107,10135,54.107
8164.01,54103,14799,54.103
8264.02,54038,19842,54.038
8281,53940,2134,53.94
8111,53934,22187,53.934
8259,53922,10651,53.922
8424,53715,15276,53.715
2804,53646,20110,53.646
6611,53500,17603,53.5
8263.03,53433,6316,53.433
8366,53406,12828,53.406
8296,53361,12111,53.361
207.02,53350,9101,53.35
5603,53286,12409,53.286
7307,53263,5542,53.263
4909.02,53229,11876,53.229
8133.01,53179,15801,53.179
8306,53177,9514,53.177
6303,53173,4402,53.173
5601,53125,23066,53.125
6308,53103,4717,53.103
107.01,53045,9556,53.045
2311,53021,9501,53.021
8258.03,52857,7642,52.857
8154,52768,17919,52.768
8260,52750,11000,52.75
8412,52745,6310,52.745
6004,52717,17564,52.717
2517,52692,12939,52.692
8402,52625,12594,52.625
4110,52586,17596,52.586
1911,52550,11250,52.55
3005,52534,14711,52.534
6504,52355,6920,52.355
8233.04,52352,6167,52.352
8247.02,52345,8908,52.345
8210.01,52273,9687,52.273
7111,52218,12496,52.218
8026.09,52218,9230,52.218
7608.03,52197,9671,52.197
2506,52188,16372,52.188
3812,52188,26051,52.188
8433,52143,22942,52.143
8175,52128,13467,52.128
3105,52090,11390,52.09
8352,52043,21749,52.043
208.02,51980,3739,51.98
3819,51929,7374,51.929
8171.01,51905,10477,51.905
5807,51826,9749,51.826
8224,51782,15892,51.782
8137.01,51716,9638,51.716
8255.03,51708,19261,51.708
8229,51678,22274,51.678
8302.01,51571,17807,51.571
8220,51487,6555,51.487
8300.07,51438,14942,51.438
5804,51434,9793,51.434
8396,51359,19730,51.359
2105.01,51291,9104,51.291
2512,51192,14731,51.192
8238.06,51172,10101,51.172
6007,51161,20691,51.161
1912,51125,15069,51.125
8236.03,51125,25282,51.125
3510,51074,8662,51.074
201,51068,2864,51.068
3404,50927,9876,50.927
1613,50896,5585,50.896
8172,50821,8504,50.821
7112,50810,12282,50.81
306.04,50732,6347,50.732
7505,50613,14881,50.613
8365,50591,6246,50.591
6913,50561,15294,50.561
8439,50496,21287,50.496
8149,50463,11856,50.463
7110,50446,7986,50.446
8144,50334,10917,50.334
8206.05,50212,9284,50.212
4503,50022,12774,50.022
2924,50000,16036,50
8272,50000,21182,50
8060.01,49979,8275,49.979
8050.02,49712,20141,49.712
4312,49701,6512,49.701
6719,49653,6086,49.653
6406,49632,9089,49.632
8213,49618,4946,49.618
8173,49514,11227,49.514
8167,49375,17426,49.375
8292,49358,10318,49.358
8256,49349,5398,49.349
1301,49327,13793,49.327
4802,49286,15675,49.286
8164.02,49177,8885,49.177
8065.01,49176,6356,49.176
8234,49076,7904,49.076
4805,49044,31201,49.044
4803,49000,14814,49
5305.03,48980,13093,48.98
8446,48955,38555,48.955
6608,48859,24665,48.859
7306,48802,13246,48.802
8340,48750,11558,48.75
8036.14,48678,9858,48.678
6202,48652,2368,48.652
303,48626,7390,48.626
4604,48542,26388,48.542
8303,48491,10168,48.491
605,48393,12905,48.393
8138.02,48393,11017,48.393
1901,48387,10405,48.387
301.02,48357,8808,48.357
8268,48293,8464,48.293
307.06,48256,19679,48.256
8212,48164,24723,48.164
8109,48130,8841,48.13
2504,48101,6883,48.101
8113.02,47960,9720,47.96
107.02,47779,4929,47.779
6910,47664,18287,47.664
8284.02,47656,12043,47.656
4906,47542,12255,47.542
7115,47541,4426,47.541
6503.02,47500,13560,47.5
8275,47407,16243,47.407
2104,47344,14217,47.344
8363,47297,13030,47.297
5702,47198,32891,47.198
8139,47115,15663,47.115
2508,47105,26148,47.105
8107.01,47031,10789,47.031
8264.01,47004,12495,47.004
8233.02,46955,12030,46.955
6408,46944,12819,46.944
2303,46875,6210,46.875
8285.04,46851,12095,46.851
8313,46850,11258,46.85
8404,46813,23828,46.813
3017.01,46763,9265,46.763
8047.15,46543,8521,46.543
2925,46488,12430,46.488
8257,46382,17850,46.382
8263.04,46364,18941,46.364
8277,46303,4257,46.303
3107,46250,23877,46.25
8214.01,46225,8218,46.225
402.02,46078,4662,46.078
301.01,46047,5778,46.047
1907.02,46000,8785,46
2507,45970,13753,45.97
4911,45875,16065,45.875
8312,45724,11586,45.724
8176,45660,9204,45.66
4308,45658,16366,45.658
5305.01,45651,10175,45.651
4907,45647,8939,45.647
8061.04,45603,10632,45.603
8258.01,45458,6894,45.458
8230.02,45441,18410,45.441
2515,45385,19701,45.385
8295,45321,6484,45.321
8248,45244,12865,45.244
6814,45128,7914,45.128
8094.02,45125,28531,45.125
5303,45114,10097,45.114
8191,45114,13035,45.114
5302,45074,11801,45.074
5703,45038,11618,45.038
8180,44973,21847,44.973
209.01,44653,13356,44.653
8261,44602,11476,44.602
5003,44538,6061,44.538
8143,44441,3267,44.441
103,44375,16139,44.375
307.01,44375,7464,44.375
8206.04,44338,7166,44.338
4108,44243,12757,44.243
4102,44224,9118,44.224
8285.03,44000,19260,44
8344,43971,27714,43.971
3006,43937,4068,43.937
804,43844,27549,43.844
102.02,43839,6338,43.839
8096,43715,26732,43.715
4912,43667,16576,43.667
8267,43635,11547,43.635
8092,43613,9542,43.613
2306,43528,5602,43.528
307.03,43469,20144,43.469
7301,43429,10419,43.429
4601,43393,11912,43.393
5705,43380,6375,43.38
5801,43333,8501,43.333
7705,43306,9786,43.306
6501,43301,18375,43.301
8204,43232,8578,43.232
6203,43203,24570,43.203
105.01,43097,8854,43.097
3017.02,43030,12055,43.03
8408,42902,5963,42.902
101,42891,22191,42.891
2307,42877,10599,42.877
6305,42817,7940,42.817
5203,42728,4106,42.728
8411,42614,22611,42.614
8265,42581,9664,42.581
7103,42560,11714,42.56
315.01,42519,10730,42.519
6104,42518,6665,42.518
209.02,42472,6655,42.472
6401,42375,18648,42.375
6118,42321,15822,42.321
8285.08,42180,11104,42.18
7506,42174,11632,42.174
5204,42149,7726,42.149
8294.02,42130,11645,42.13
7303,42083,10552,42.083
8297,42064,7474,42.064
7114,42044,5748,42.044
8141,42044,5225,42.044
5806,41983,12250,41.983
6306,41862,8738,41.862
5802,41837,4221,41.837
4101,41806,2358,41.806
8317,41786,35225,41.786
306.03,41760,5360,41.76
5805.01,41711,10287,41.711
8262.02,41694,13562,41.694
205,41673,8721,41.673
4908,41620,8736,41.62
6604,41579,9687,41.579
2502,41552,12574,41.552
301.04,41536,9165,41.536
8165,41485,4068,41.485
8133.02,41458,5628,41.458
4301.02,41399,14382,41.399
3018.01,41283,6765,41.283
5202,41267,11896,41.267
5102,41250,16654,41.25
7113,41250,34621,41.25
8138.01,41163,7869,41.163
7104,41121,13835,41.121
4401.02,41120,2861,41.12
8300.01,41071,12676,41.071
8436,41060,17136,41.06
8438,40966,25342,40.966
306.01,40846,9168,40.846
8345,40769,24554,40.769
3007,40582,4339,40.582
4208,40556,14142,40.556
105.02,40492,7554,40.492
1701,40313,26790,40.313
8293.02,40143,16073,40.143
2610,40057,7922,40.057
8418,40000,10624,40
102.01,39955,23269,39.955
4309,39948,14144,39.948
2503,39844,14499,39.844
8249,39782,8039,39.782
8276,39643,6243,39.643
4701,39611,16187,39.611
8421,39576,4207,39.576
8351,39324,8481,39.324
2605,39268,12485,39.268
3905,39074,12552,39.074
6609,39016,5872,39.016
8081,38944,13863,38.944
4107,38926,4766,38.926
8266,38920,4992,38.92
8244,38849,7307,38.849
6006,38566,20764,38.566
8392,38397,5623,38.397
8428,38384,5417,38.384
8093,38151,7109,38.151
6114,37917,13101,37.917
3018.02,37639,9980,37.639
5805.02,37596,7193,37.596
8305,37306,11361,37.306
4913,37279,15313,37.279
7106,37250,15805,37.25
4304,37228,10202,37.228
104,37198,8616,37.198
8243,37028,11658,37.028
6905,36926,13025,36.926
2510,36923,9173,36.923
3818,36849,10076,36.849
2712,36739,15937,36.739
6720,36548,20411,36.548
4409,36538,17040,36.538
4314,36466,6377,36.466
6712,36397,18419,36.397
8262.01,36309,11047,36.309
3405,36250,16792,36.25
2522.01,36204,6936,36.204
8339,36116,14361,36.116
2602,36042,6332,36.042
2521.02,35949,8958,35.949
3403,35893,7437,35.893
8020.04,35609,17290,35.609
2305,35607,13377,35.607
5101,35417,29118,35.417
3814,35395,13040,35.395
6603.02,35368,5235,35.368
8367,35260,12872,35.26
4402.01,35222,18360,35.222
2922,35185,12230,35.185
7105,35104,8939,35.104
5306,35000,23281,35
6309,34875,12258,34.875
6610,34674,10644,34.674
6909,34583,13635,34.583
8270,34280,10641,34.28
315.02,34201,9667,34.201
6115,34196,8775,34.196
4603.01,34186,15234,34.186
4914,33999,3109,33.999
3012,33971,8167,33.971
8269.02,33967,5991,33.967
6914,33939,6380,33.939
5002,33909,10008,33.909
5301,33882,9393,33.882
3011,33850,4885,33.85
4004,33652,15856,33.652
4203,33293,13233,33.293
4106,33250,6441,33.25
3018.03,33227,12249,33.227
4202,33188,19064,33.188
8374,32838,9222,32.838
4301.01,32761,10592,32.761
6709,32708,7349,32.708
6806,32614,25618,32.614
6715,32470,17754,32.47
2312,32448,11244,32.448
8431,32383,22725,32.383
6120,32354,16967,32.354
4003,32273,8779,32.273
6707,32266,13399,32.266
2522.02,32173,6572,32.173
8447,31905,14860,31.905
4603.02,31885,12880,31.885
8370,31825,11212,31.825
2715,31806,22432,31.806
6113,31750,19844,31.75
3009,31609,9151,31.609
7107,31573,13624,31.573
8350,31449,3797,31.449
2718,31429,22989,31.429
6304,31429,4855,31.429
6605,31415,11162,31.415
4909.01,31406,9702,31.406
4402.02,31364,8278,31.364
4313.01,31289,5731,31.289
2516,30938,11532,30.938
8415,30691,9413,30.691
2513,30580,4074,30.58
8388,30503,6466,30.503
6119,30208,8308,30.208
8294.01,30208,4775,30.208
7109,30149,8806,30.149
6606,29923,5932,29.923
6103,29867,9221,29.867
6112,29861,3644,29.861
2909,29720,12291,29.72
312,29676,13729,29.676
6718,29643,24215,29.643
2831,29609,21938,29.609
2606,29577,10896,29.577
6704,28990,15293,28.99
2608,28629,12961,28.629
6912,28573,5317,28.573
8274,28379,4037,28.379
4608,28283,5756,28.283
2912,28214,10635,28.214
4302,28056,12670,28.056
6705,27986,11592,27.986
5401.02,27694,8903,27.694
8364,27625,17050,27.625
3008,27474,9135,27.474
8346,27431,8620,27.431
6122,27382,7648,27.382
8435,27330,15662,27.33
3602,27083,16035,27.083
2315,27037,11167,27.037
7102,27029,13528,27.029
2607,27019,13006,27.019
4408,26985,11569,26.985
8291,26938,7311,26.938
5103,26673,8240,26.673
6702,26563,16093,26.563
3016,26554,1424,26.554
4303,26399,6863,26.399
4313.02,26389,11698,26.389
2714,26351,7486,26.351
3903,26102,8064,26.102
8430,25962,2427,25.962
4206,25667,11490,25.667
8369,25556,11585,25.556
2518,25517,8266,25.517
2520,25432,6017,25.432
6911,25409,5805,25.409
3802,25313,8895,25.313
8395,25000,6880,25
4207,24979,7305,24.979
8314,24780,13993,24.78
8434,24769,8825,24.769
6713,24750,8907,24.75
6116,24648,13039,24.648
6701,24625,17309,24.625
3806,24592,6744,24.592
4205,24577,19088,24.577
6607,24545,8996,24.545
8215,24545,7938,24.545
8387,24455,10648,24.455
6703,24375,8391,24.375
4602,24263,3528,24.263
6708,24158,3064,24.158
2713,24091,7396,24.091
8347,23992,11992,23.992
6805,23910,3819,23.91
6904,23750,9584,23.75
4401.01,23625,5987,23.625
6714,23330,995,23.33
4910,23255,6552,23.255
8380,23175,13734,23.175
6603.01,23086,1744,23.086
2519,22939,8138,22.939
6811,22762,9510,22.762
2511,22727,12003,22.727
7108,22614,9000,22.614
7101,22462,6787,22.462
4005,22015,14920,22.015
4305,21973,6161,21.973
8273,21778,4862,21.778
3815,21677,4365,21.677
8361,21638,6025,21.638
6121,21528,15369,21.528
6706,21452,6614,21.452
8371,21231,4246,21.231
4307,21183,8784,21.183
8269.01,21048,7531,21.048
3904,20852,8345,20.852
8290,20266,12123,20.266
8429,20089,8847,20.089
3801,19816,19236,19.816
4212,19716,14463,19.716
6716,19566,5700,19.566
8271,19487,7083,19.487
6915,19470,2069,19.47
8417,19467,2452,19.467
8349,19375,3417,19.375
4201,19358,10129,19.358
3504,19318,6838,19.318
8425,19312,4994,19.312
2521.01,19265,16939,19.265
2601,19167,6575,19.167
6809,19167,7195,19.167
3515,18750,16613,18.75
2514,18740,3801,18.74
2809,18684,9335,18.684
2603,18344,4874,18.344
8356,18190,5343,18.19
8355,18152,7030,18.152
6810,18006,4919,18.006
4204,18000,9249,18
2808,17930,6587,17.93
2705,17813,5994,17.813
5401.01,17258,7699,17.258
8348,17241,5542,17.241
105.03,17188,3419,17.188
6812,17058,4143,17.058
2609,17019,7134,17.019
8381,16319,13820,16.319
6813,16310,14060,16.31
4610,16225,3324,16.225
8373,15925,6969,15.925
8386,15820,5060,15.82
3514,13750,7200,13.75
8368,13733,4508,13.733
3406,13207,4298,13.207
4008,12896,8088,12.896
6117,12421,11380,12.421
3511,12328,3290,12.328
