Census Tract,Median Income,Margin of Error,Margin of Error in Thousands,Median Income in Thousands
2063.03,4918,2403,4.918,4.918
2063.02,7193,6842,7.193,7.193
2247.02,9722,3085,9.722,9.722
2063.01,11153,2081,11.153,11.153
2073.04,11430,783,11.43,11.43
2073.07,12283,9911,12.283,12.283
2062.02,12344,6877,12.344,12.344
2218.2,13630,5187,13.63,13.63
2653.06,15417,9833,15.417,15.417
2243.2,16471,5560,16.471,16.471
2426,16662,4250,16.662,16.662
2653.07,16772,7911,16.772,16.772
2403.01,17096,14097,17.096,17.096
2219,17768,11842,17.768,17.768
2075.02,17989,3064,17.989,17.989
9800.11,18021,11447,18.021,18.021
2653.04,20343,6653,20.343,20.343
5716,21074,4655,21.074,21.074
3107.01,21117,9660,21.117,21.117
9008.06,21296,3510,21.296,21.296
2421,21992,7197,21.992,21.992
2094.03,22259,8478,22.259,22.259
2089.04,22961,9329,22.961,22.961
2244.2,23210,1993,23.21,23.21
4328.01,23487,6765,23.487,23.487
2362.05,23882,6471,23.882,23.882
2349.02,24253,8566,24.253,24.253
2361.01,24773,9509,24.773,24.773
9105.01,24914,4083,24.914,24.914
2422.02,25141,2403,25.141,25.141
2411.2,25490,13389,25.49,25.49
2214.01,25747,4286,25.747,25.747
3022.01,26317,5941,26.317,26.317
1908.01,26488,8329,26.488,26.488
5758.03,26652,7325,26.652,26.652
6003.03,26683,6284,26.683,26.683
2218.1,26694,4140,26.694,26.694
2133.2,27127,4760,27.127,27.127
1917.1,27254,6948,27.254,27.254
2431,27353,6142,27.353,27.353
2289,27917,15620,27.917,27.917
9006.1,28017,19891,28.017,28.017
2091.04,28088,6312,28.088,28.088
2091.05,28156,5437,28.156,28.156
2060.53,28693,14421,28.693,28.693
1395.05,29054,26826,29.054,29.054
2091.03,29056,4300,29.056,29.056
2653.03,29375,11086,29.375,29.375
4620.02,29397,11219,29.397,29.397
1912.03,29444,9896,29.444,29.444
2312.2,29461,6585,29.461,29.461
2215,29536,8812,29.536,29.536
2362.03,29676,10577,29.676,29.676
2051.2,29804,4064,29.804,29.804
2244.1,29894,7112,29.894,29.894
1012.22,30016,9714,30.016,30.016
1916.2,30052,5771,30.052,30.052
2093,30540,5385,30.54,30.54
2071.02,30564,7671,30.564,30.564
1200.2,30669,10340,30.669,30.669
2100.1,30703,5751,30.703,30.703
2094.01,30970,7945,30.97,30.97
2123.04,31197,5031,31.197,31.197
2311,31271,8132,31.271,31.271
2375,31311,6499,31.311,31.311
1902.01,31403,4525,31.403,31.403
6028.01,31477,18730,31.477,31.477
1043.21,31645,31417,31.645,31.645
9104.05,31827,3541,31.827,31.827
2121.02,31864,3121,31.864,31.864
2423,31875,14323,31.875,31.875
9800.1,31875,21573,31.875,31.875
2352.02,32083,7470,32.083,32.083
2317.1,32301,4789,32.301,32.301
2098.1,32321,5600,32.321,32.321
2095.1,32361,6433,32.361,32.361
2362.04,32372,8004,32.372,32.372
5754.01,32410,6819,32.41,32.41
2312.1,32454,8700,32.454,32.454
2247.01,32500,16102,32.5,32.5
2123.05,32557,5881,32.557,32.557
2240.2,32713,7584,32.713,32.713
2122.03,32750,11319,32.75,32.75
2420,32857,11053,32.857,32.857
2044.2,32993,6719,32.993,32.993
1917.2,33106,7440,33.106,33.106
1064.07,33125,13525,33.125,33.125
2400.1,33144,8799,33.144,33.144
2962.2,33232,8410,33.232,33.232
2113.2,33247,14635,33.247,33.247
2122.04,33259,9100,33.259,33.259
2383.1,33317,11910,33.317,33.317
2087.2,33458,5361,33.458,33.458
2071.03,33487,10552,33.487,33.487
2046,33587,7910,33.587,33.587
2349.01,33699,11759,33.699,33.699
2287.1,33704,4317,33.704,33.704
1232.06,33724,5099,33.724,33.724
1991.2,33750,8955,33.75,33.75
2422.01,33750,11785,33.75,33.75
2397.01,33775,6715,33.775,33.775
1253.22,33818,11367,33.818,33.818
2213.02,33873,13073,33.873,33.873
2181.2,33902,9640,33.902,33.902
2201,33944,15021,33.944,33.944
5309.02,34023,5406,34.023,34.023
1911.2,34189,9458,34.189,34.189
5406,34213,15475,34.213,34.213
2211.1,34261,7693,34.261,34.261
1901.01,34313,5490,34.313,34.313
2774,34318,27211,34.318,34.318
5763.02,34363,5996,34.363,34.363
6002.02,34375,8968,34.375,34.375
2260.01,34444,15385,34.444,34.444
6021.03,34483,7954,34.483,34.483
2226,34493,5952,34.493,34.493
5758.01,34555,6736,34.555,34.555
2383.2,34628,11919,34.628,34.628
2213.03,34643,5362,34.643,34.643
1193.4,34825,9794,34.825,34.825
4062.01,34861,11891,34.861,34.861
2316.03,35048,15351,35.048,35.048
2326.02,35052,14325,35.052,35.052
2327.02,35114,8490,35.114,35.114
1201.03,35263,9898,35.263,35.263
2089.02,35313,5728,35.313,35.313
2318,35321,8231,35.321,35.321
2095.2,35395,3308,35.395,35.395
1201.06,35400,5850,35.4,35.4
2319.01,35417,18082,35.417,35.417
2377.2,35488,4432,35.488,35.488
5326.06,35769,6211,35.769,35.769
2060.5,35795,16113,35.795,35.795
2397.02,35809,12436,35.809,35.809
2132.01,35829,4074,35.829,35.829
5751.02,35927,9265,35.927,35.927
1282.1,35969,6757,35.969,35.969
2947.01,36014,8350,36.014,36.014
6003.04,36056,10588,36.056,36.056
2242,36071,14072,36.071,36.071
5342.03,36156,5824,36.156,36.156
5342.02,36178,6652,36.178,36.178
1907.01,36183,9652,36.183,36.183
2092.02,36188,9296,36.188,36.188
2282.1,36214,5159,36.214,36.214
6010.01,36250,24255,36.25,36.25
2214.02,36289,12075,36.289,36.289
2134.01,36333,3411,36.333,36.333
4619.02,36409,30669,36.409,36.409
2321.1,36423,7083,36.423,36.423
2098.2,36500,4908,36.5,36.5
2240.1,36604,8137,36.604,36.604
5765.01,36633,10749,36.633,36.633
2392.01,36687,3746,36.687,36.687
1201.05,36703,4113,36.703,36.703
6015.01,36737,12782,36.737,36.737
2285,36842,11947,36.842,36.842
1201.07,36915,7761,36.915,36.915
2122.02,36920,8734,36.92,36.92
4335.06,36956,5021,36.956,36.956
3202.01,36993,6399,36.993,36.993
5402.01,37014,8394,37.014,37.014
7001.02,37014,9909,37.014,37.014
6017,37045,10337,37.045,37.045
2091.06,37067,10016,37.067,37.067
2260.02,37147,10297,37.147,37.147
5015.04,37149,4604,37.149,37.149
2405,37157,10175,37.157,37.157
2948.2,37222,7509,37.222,37.222
1999,37232,8467,37.232,37.232
2965,37311,16759,37.311,37.311
2119.21,37375,5551,37.375,37.375
2094.02,37388,9646,37.388,37.388
2080.02,37443,9083,37.443,37.443
6001,37443,7490,37.443,37.443
2123.06,37466,7184,37.466,37.466
2371.02,37500,7012,37.5,37.5
2396.02,37500,4850,37.5,37.5
1224.1,37634,13840,37.634,37.634
5334.02,37763,18012,37.763,37.763
2200,37805,7338,37.805,37.805
6025.1,37813,12110,37.813,37.813
5414.01,37944,11042,37.944,37.944
2949,37974,10554,37.974,37.974
3107.05,38125,30771,38.125,38.125
2132.02,38147,10459,38.147,38.147
1201.08,38194,11522,38.194,38.194
2182.1,38207,8948,38.207,38.207
5769.03,38244,8277,38.244,38.244
4027.02,38295,8427,38.295,38.295
2073.06,38305,5738,38.305,38.305
1275.2,38333,4444,38.333,38.333
2264.1,38438,5647,38.438,38.438
1200.3,38466,9288,38.466,38.466
9006.06,38534,3840,38.534,38.534
2404.01,38536,10350,38.536,38.536
1903.03,38553,22505,38.553,38.553
2382,38557,6788,38.557,38.557
9006.09,38684,13901,38.684,38.684
2371.01,38750,13344,38.75,38.75
2062.01,38786,24345,38.786,38.786
1283.03,38880,4776,38.88,38.88
1997,38892,9510,38.892,38.892
2328,38897,14510,38.897,38.897
2042,38919,6177,38.919,38.919
5320.01,38971,11081,38.971,38.971
5311.02,38990,10051,38.99,38.99
9008.04,39000,3497,39,39
5326.05,39063,32332,39.063,39.063
4025.04,39091,11395,39.091,39.091
2073.03,39113,21676,39.113,39.113
5330.02,39258,7902,39.258,39.258
2377.1,39288,13874,39.288,39.288
2031,39329,11301,39.329,39.329
2181.1,39335,7846,39.335,39.335
2409.02,39375,28385,39.375,39.375
5331.03,39375,6366,39.375,39.375
5732.01,39393,6349,39.393,39.393
1174.07,39397,4693,39.397,39.397
1345.2,39397,5461,39.397,39.397
2088.02,39400,14304,39.4,39.4
1909.01,39435,12993,39.435,39.435
1343.05,39506,10889,39.506,39.506
4824.03,39583,14014,39.583,39.583
5329,39612,5891,39.612,39.612
2060.54,39647,6477,39.647,39.647
3025.03,39838,24511,39.838,39.838
4622.01,39851,10897,39.851,39.851
2117.04,39875,14929,39.875,39.875
1201.04,39922,6360,39.922,39.922
2941.2,39984,29409,39.984,39.984
4088,40108,10716,40.108,40.108
2319.02,40125,15440,40.125,40.125
3022.02,40134,10770,40.134,40.134
5416.06,40134,9595,40.134,40.134
3016.01,40154,17648,40.154,40.154
1325.02,40179,19717,40.179,40.179
1174.05,40202,9819,40.202,40.202
9106.07,40250,10180,40.25,40.25
5331.08,40264,4163,40.264,40.264
2962.1,40282,11977,40.282,40.282
2393.3,40293,8427,40.293,40.293
5753,40303,13311,40.303,40.303
2049.1,40313,4067,40.313,40.313
2035,40524,12832,40.524,40.524
1345.22,40560,6875,40.56,40.56
4333.05,40625,15389,40.625,40.625
1249.02,40668,5261,40.668,40.668
5344.06,40682,8538,40.682,40.682
2088.01,40704,2504,40.704,40.704
1174.08,40718,4996,40.718,40.718
1902.02,40723,13024,40.723,40.723
5542.04,40746,7056,40.746,40.746
4817.14,40761,7102,40.761,40.761
9105.02,40788,7732,40.788,40.788
5341.02,40797,5634,40.797,40.797
2343.02,40857,7831,40.857,40.857
5764.03,40859,6212,40.859,40.859
2404.02,40903,19008,40.903,40.903
9800.15,40938,22447,40.938,40.938
5725,40948,17865,40.948,40.948
2288,40955,5181,40.955,40.955
2920.01,40957,10092,40.957,40.957
1912.04,40962,7065,40.962,40.962
5338.03,40989,6756,40.989,40.989
2966,40991,11409,40.991,40.991
9006.02,41016,6967,41.016,41.016
1998.01,41027,7928,41.027,41.027
2376,41076,14488,41.076,41.076
9106.02,41081,3878,41.081,41.081
3025.04,41103,9032,41.103,41.103
2393.1,41121,3364,41.121,41.121
2216.02,41125,11971,41.125,41.125
5703.05,41172,6555,41.172,41.172
5752.02,41190,5233,41.19,41.19
6002.01,41199,6232,41.199,41.199
5336.03,41204,10191,41.204,41.204
1911.1,41211,19827,41.211,41.211
2033,41250,21681,41.25,41.25
1912.01,41288,8793,41.288,41.288
4823.04,41314,8562,41.314,41.314
2123.03,41328,15024,41.328,41.328
2060.1,41395,8707,41.395,41.395
1351.16,41429,36961,41.429,41.429
1233.04,41438,8211,41.438,41.438
5432.03,41447,8870,41.447,41.447
2412.02,41458,5761,41.458,41.458
2340.02,41462,9369,41.462,41.462
1926.2,41553,6393,41.553,41.553
1241.04,41573,11151,41.573,41.573
1221.22,41591,2165,41.591,41.591
2187.02,41705,11210,41.705,41.705
5316.02,41707,17714,41.707,41.707
9001.02,41713,7364,41.713,41.713
2427,41731,2889,41.731,41.731
2408,41768,7219,41.768,41.768
2372.02,41792,19700,41.792,41.792
5331.05,41797,7064,41.797,41.797
5313.02,41818,8744,41.818,41.818
2118.04,41843,10842,41.843,41.843
1331.02,41875,14908,41.875,41.875
6018.01,41890,7277,41.89,41.89
5018.03,41957,5172,41.957,41.957
6009.02,41967,6416,41.967,41.967
5769.01,41979,14054,41.979,41.979
2085.02,42129,4314,42.129,42.129
5416.03,42155,12154,42.155,42.155
4333.04,42197,14558,42.197,42.197
2267.02,42217,15330,42.217,42.217
5338.04,42244,6815,42.244,42.244
2131,42250,12528,42.25,42.25
5356.03,42250,8400,42.25,42.25
2089.03,42285,11388,42.285,42.285
2392.02,42332,11245,42.332,42.332
2284.1,42337,13782,42.337,42.337
5402.02,42354,7044,42.354,42.354
9007.01,42380,4425,42.38,42.38
2112.02,42389,3561,42.389,42.389
9001.03,42400,10871,42.4,42.4
2243.1,42417,9023,42.417,42.417
9007.04,42437,8836,42.437,42.437
1998.02,42500,15453,42.5,42.5
1047.01,42542,7879,42.542,42.542
1047.03,42589,11669,42.589,42.589
2395.02,42621,8395,42.621,42.621
2971.1,42679,5497,42.679,42.679
1218.01,42700,11887,42.7,42.7
1175.2,42738,10216,42.738,42.738
5328,42784,11213,42.784,42.784
2362.06,42831,13102,42.831,42.831
6037.06,42927,8348,42.927,42.927
9005.1,42934,10769,42.934,42.934
5344.04,42955,12035,42.955,42.955
3025.05,43024,13647,43.024,43.024
1276.04,43097,7605,43.097,43.097
2185,43156,12067,43.156,43.156
2293,43176,11172,43.176,43.176
1272.2,43188,5417,43.188,43.188
5416.04,43221,9649,43.221,43.221
5333,43313,18275,43.313,43.313
5762,43381,9435,43.381,43.381
2755,43393,8197,43.393,43.393
5538.02,43395,9750,43.395,43.395
2264.2,43464,11503,43.464,43.464
5316.04,43550,8600,43.55,43.55
2134.02,43603,4307,43.603,43.603
5014,43656,16322,43.656,43.656
2284.2,43661,12615,43.661,43.661
5337.01,43661,15910,43.661,43.661
6011,43661,8797,43.661,43.661
1905.2,43688,7926,43.688,43.688
2941.1,43724,13865,43.724,43.724
2283.2,43770,6671,43.77,43.77
2129,43788,14379,43.788,43.788
1243,43807,8952,43.807,43.807
6012.11,43873,8948,43.873,43.873
2217.1,43938,6241,43.938,43.938
2326.01,43958,20779,43.958,43.958
1926.1,44045,5135,44.045,44.045
2321.2,44110,8354,44.11,44.11
2283.1,44115,8643,44.115,44.115
5331.04,44213,5477,44.213,44.213
2211.2,44265,9385,44.265,44.265
2270.1,44277,4404,44.277,44.277
1230.1,44327,13017,44.327,44.327
2932.05,44369,10985,44.369,44.369
5301.01,44375,11414,44.375,44.375
1242.04,44383,7477,44.383,44.383
1347.1,44397,9815,44.397,44.397
4087.24,44413,9242,44.413,44.413
9012.15,44418,15764,44.418,44.418
5355.01,44515,2896,44.515,44.515
2113.1,44545,4856,44.545,44.545
1278.06,44565,17227,44.565,44.565
2407,44587,7689,44.587,44.587
5706.03,44637,12816,44.637,44.637
1047.04,44647,9753,44.647,44.647
2189,44652,7131,44.652,44.652
5313.01,44662,10488,44.662,44.662
1132.39,44698,4677,44.698,44.698
2125.01,44797,8636,44.797,44.797
5730.02,44857,8928,44.857,44.857
5421.05,44899,13726,44.899,44.899
5341.01,44911,4984,44.911,44.911
5310,44918,18948,44.918,44.918
2084.01,44943,11247,44.943,44.943
4814.03,44960,32337,44.96,44.96
2038,45000,11006,45,45
4822.01,45042,19882,45.042,45.042
1281.02,45054,7922,45.054,45.054
2124.1,45114,5096,45.114,45.114
2118.02,45120,5689,45.12,45.12
5350.02,45139,9610,45.139,45.139
5304,45154,6781,45.154,45.154
2083.02,45194,11031,45.194,45.194
5339.01,45236,9404,45.236,45.236
9800.17,45250,39155,45.25,45.25
1278.03,45278,14317,45.278,45.278
4077.01,45284,10901,45.284,45.284
2199.01,45318,5971,45.318,45.318
1175.1,45332,8863,45.332,45.332
4023.04,45345,10435,45.345,45.345
5426.01,45391,13561,45.391,45.391
9005.05,45424,4552,45.424,45.424
1279.1,45455,4585,45.455,45.455
6016,45458,12176,45.458,45.458
2126.2,45464,5775,45.464,45.464
2124.2,45465,5987,45.465,45.465
5323.04,45556,20782,45.556,45.556
4025.01,45557,5210,45.557,45.557
6013.03,45563,12077,45.563,45.563
3020.02,45565,9572,45.565,45.565
2402,45579,7940,45.579,45.579
9007.03,45582,6748,45.582,45.582
1241.03,45598,7358,45.598,45.598
5303.02,45703,12240,45.703,45.703
2345.02,45726,14144,45.726,45.726
4028.01,45756,18707,45.756,45.756
1904.02,45758,12713,45.758,45.758
1864.01,45833,15844,45.833,45.833
2317.2,45833,11019,45.833,45.833
2294.2,45856,8151,45.856,45.856
5344.05,45865,9080,45.865,45.865
2282.2,45875,7414,45.875,45.875
2188,45880,9598,45.88,45.88
5758.02,45956,10100,45.956,45.956
1042.03,45972,13262,45.972,45.972
5780,46018,7242,46.018,46.018
1277.12,46026,9157,46.026,46.026
5404,46033,19346,46.033,46.033
5764.02,46056,5174,46.056,46.056
5763.01,46058,3120,46.058,46.058
5542.03,46076,16592,46.076,46.076
5317.01,46115,11344,46.115,46.115
2347,46125,20161,46.125,46.125
2944.21,46168,4890,46.168,46.168
6025.05,46202,9148,46.202,46.202
1012.21,46274,13226,46.274,46.274
1914.1,46373,6530,46.373,46.373
4817.12,46375,12530,46.375,46.375
5405.02,46534,14583,46.534,46.534
4338.04,46581,11614,46.581,46.581
5330.01,46591,11565,46.591,46.591
6010.02,46597,11241,46.597,46.597
2246,46607,6379,46.607,46.607
2198,46625,9146,46.625,46.625
2216.01,46645,17909,46.645,46.645
5702.03,46654,16430,46.654,46.654
2316.02,46683,8582,46.683,46.683
1323.01,46808,10375,46.808,46.808
5541.05,46875,14043,46.875,46.875
2048.1,46964,5055,46.964,46.964
5343.02,46989,9340,46.989,46.989
5425.02,47000,15502,47,47
2944.1,47027,9479,47.027,47.027
9013,47049,14982,47.049,47.049
6020.03,47083,13566,47.083,47.083
9106.06,47083,17091,47.083,47.083
5315.02,47098,12811,47.098,47.098
1276.05,47099,8268,47.099,47.099
1905.1,47180,6763,47.18,47.18
1234.2,47183,8542,47.183,47.183
2051.1,47194,8130,47.194,47.194
2313.01,47310,9465,47.31,47.31
6025.04,47357,11860,47.357,47.357
5345.01,47405,8103,47.405,47.405
2294.1,47406,10590,47.406,47.406
5356.07,47453,11482,47.453,47.453
2016.01,47465,15484,47.465,47.465
4051.02,47500,20592,47.5,47.5
1236.02,47593,19669,47.593,47.593
2213.04,47604,11542,47.604,47.604
1282.2,47611,9524,47.611,47.611
4026.01,47621,16919,47.621,47.621
1235.1,47776,13014,47.776,47.776
5409.01,47865,10623,47.865,47.865
5730.04,47906,10184,47.906,47.906
2410.01,47907,13038,47.907,47.907
5334.01,47917,21147,47.917,47.917
5301.02,47941,8443,47.941,47.941
2222,47955,18004,47.955,47.955
1114.02,47967,9403,47.967,47.967
4809.02,47981,18158,47.981,47.981
2119.22,48036,10158,48.036,48.036
5303.01,48056,10028,48.056,48.056
1241.02,48088,12834,48.088,48.088
1892.01,48103,11570,48.103,48.103
1925.2,48110,6078,48.11,48.11
5350.01,48125,12079,48.125,48.125
6006.02,48173,14619,48.173,48.173
5358.04,48176,8759,48.176,48.176
6039.02,48258,15598,48.258,48.258
2912.1,48277,6008,48.277,48.277
3015.02,48315,6837,48.315,48.315
2114.2,48333,7163,48.333,48.333
5018.04,48409,8475,48.409,48.409
9005.09,48438,9031,48.438,48.438
1276.03,48446,6802,48.446,48.446
5302.03,48452,11916,48.452,48.452
5340.01,48468,4303,48.468,48.468
1918.1,48584,5874,48.584,48.584
5342.01,48640,3113,48.64,48.64
1255.01,48647,14861,48.647,48.647
5733,48673,6102,48.673,48.673
2398.02,48674,7207,48.674,48.674
2037.2,48684,11748,48.684,48.684
5326.07,48692,8936,48.692,48.692
1235.2,48696,9555,48.696,48.696
9106.05,48705,8468,48.705,48.705
2393.2,48716,6717,48.716,48.716
9203.41,48721,9156,48.721,48.721
6025.06,48735,6947,48.735,48.735
9007.05,48738,6817,48.738,48.738
1916.1,48750,5165,48.75,48.75
2969.01,48750,23542,48.75,48.75
5339.02,48750,11006,48.75,48.75
4043.01,48772,7509,48.772,48.772
2361.02,48796,27954,48.796,48.796
2761.02,48905,10681,48.905,48.905
4310.02,48917,10865,48.917,48.917
9107.2,48925,17084,48.925,48.925
6024.04,49038,4037,49.038,49.038
5764.01,49040,11425,49.04,49.04
2395.01,49085,4417,49.085,49.085
5752.01,49094,9893,49.094,49.094
1904.01,49132,12509,49.132,49.132
4024.06,49157,22087,49.157,49.157
4334.03,49202,11293,49.202,49.202
1232.05,49280,9577,49.28,49.28
2396.01,49286,12829,49.286,49.286
2325,49293,17352,49.293,49.293
2324.01,49318,12304,49.318,49.318
2048.2,49375,11119,49.375,49.375
2414,49375,15573,49.375,49.375
5009,49375,27574,49.375,49.375
1913.01,49405,19006,49.405,49.405
4301.01,49432,7512,49.432,49.432
1994,49449,10868,49.449,49.449
2378,49455,15892,49.455,49.455
4816.03,49482,24651,49.482,49.482
2012,49500,7108,49.5,49.5
5421.06,49525,3079,49.525,49.525
1253.21,49560,14764,49.56,49.56
4619.01,49583,11293,49.583,49.583
9106.01,49583,22860,49.583,49.583
1279.2,49604,24331,49.604,49.604
2933.07,49604,13971,49.604,49.604
4339.01,49621,8015,49.621,49.621
5702.04,49720,14707,49.72,49.72
4048.05,49787,18782,49.787,49.787
5544.05,49787,9061,49.787,49.787
2381,49847,15985,49.847,49.847
2287.2,49875,10602,49.875,49.875
2946.2,49880,7672,49.88,49.88
1175.3,49886,10071,49.886,49.886
9001.04,49886,4217,49.886,49.886
5343.01,49974,6626,49.974,49.974
6015.02,50000,19986,50,50
9200.38,50000,20371,50,50
9203.43,50000,14984,50,50
2128,50053,12198,50.053,50.053
2083.01,50054,14797,50.054,50.054
5511.01,50069,20383,50.069,50.069
2772,50109,12469,50.109,50.109
1193.41,50168,6091,50.168,50.168
5359.01,50219,13772,50.219,50.219
1271.02,50224,11859,50.224,50.224
4824.01,50230,4688,50.23,50.23
5355.03,50240,8228,50.24,50.24
2015.03,50344,5468,50.344,50.344
2036.01,50345,7240,50.345,50.345
2945.2,50357,7815,50.357,50.357
5336.02,50364,6389,50.364,50.364
4336.02,50379,11201,50.379,50.379
5415,50385,10799,50.385,50.385
1909.02,50417,18482,50.417,50.417
2413,50417,11038,50.417,50.417
4328.02,50417,6966,50.417,50.417
1927,50430,10911,50.43,50.43
2948.1,50438,9899,50.438,50.438
2084.02,50446,15898,50.446,50.446
5416.05,50457,11940,50.457,50.457
1913.02,50469,10891,50.469,50.469
1041.05,50483,8305,50.483,50.483
5319.01,50486,12807,50.486,50.486
6026.02,50491,15179,50.491,50.491
2400.2,50521,16880,50.521,50.521
1393.03,50534,12966,50.534,50.534
6025.11,50556,17563,50.556,50.556
1318.01,50563,16664,50.563,50.563
5312.01,50568,7965,50.568,50.568
5351.02,50583,15068,50.583,50.583
1283.02,50598,10983,50.598,50.598
2121.01,50640,7933,50.64,50.64
5541.01,50644,12431,50.644,50.644
6014.01,50655,9311,50.655,50.655
2406,50667,13902,50.667,50.667
1990.01,50679,14348,50.679,50.679
2324.02,50692,10873,50.692,50.692
5332.01,50729,19029,50.729,50.729
5751.01,50745,10914,50.745,50.745
2412.01,50750,8519,50.75,50.75
4817.11,50777,9211,50.777,50.777
5402.03,50810,10997,50.81,50.81
5749.02,50847,15420,50.847,50.847
1221.21,50893,7138,50.893,50.893
1172.01,50972,12906,50.972,50.972
3021.03,51000,19856,51,51
2655.21,51014,12500,51.014,51.014
2946.1,51036,15919,51.036,51.036
1853.2,51042,9928,51.042,51.042
2220.02,51084,9595,51.084,51.084
1234.1,51094,11308,51.094,51.094
5312.02,51135,4817,51.135,51.135
4017.07,51141,8358,51.141,51.141
1041.08,51207,6276,51.207,51.207
1992.01,51250,16812,51.25,51.25
2117.03,51299,2490,51.299,51.299
6030.08,51304,20022,51.304,51.304
5535.03,51326,5624,51.326,51.326
2043,51359,9677,51.359,51.359
1919.01,51391,12784,51.391,51.391
2379,51404,11323,51.404,51.404
4340.01,51438,11144,51.438,51.438
5421.03,51481,11356,51.481,51.481
2111.22,51484,9475,51.484,51.484
6025.13,51500,18667,51.5,51.5
1957.2,51518,12961,51.518,51.518
4333.02,51538,4104,51.538,51.538
2071.01,51544,19299,51.544,51.544
2948.3,51554,7968,51.554,51.554
5335.04,51556,4914,51.556,51.556
5013.02,51587,28689,51.587,51.587
5360,51625,9281,51.625,51.625
9105.04,51636,9646,51.636,51.636
1211.02,51691,8493,51.691,51.691
5337.02,51702,10590,51.702,51.702
6021.05,51754,8982,51.754,51.754
3023.02,51805,5455,51.805,51.805
5351.01,51820,10667,51.82,51.82
5705.03,51820,6198,51.82,51.82
2398.01,51833,13931,51.833,51.833
4028.04,51903,6946,51.903,51.903
5407,51908,13748,51.908,51.908
2126.1,51920,14921,51.92,51.92
2114.1,51921,7995,51.921,51.921
2193,51941,15558,51.941,51.941
5305,51941,18221,51.941,51.941
5358.03,51944,12823,51.944,51.944
2971.2,52000,15271,52,52
5336.01,52000,10102,52,52
4023.03,52036,4192,52.036,52.036
1239.01,52083,28637,52.083,52.083
5754.02,52100,6804,52.1,52.1
5348.03,52173,21280,52.173,52.173
2969.02,52217,5321,52.217,52.217
2112.01,52223,5441,52.223,52.223
5717.03,52237,15687,52.237,52.237
1977,52250,4823,52.25,52.25
5759.01,52250,11676,52.25,52.25
5040.01,52252,28422,52.252,52.252
5705.04,52287,15783,52.287,52.287
3020.03,52313,12588,52.313,52.313
5544.03,52337,11725,52.337,52.337
4823.03,52344,12450,52.344,52.344
5316.03,52367,10661,52.367,52.367
2086.2,52391,9787,52.391,52.391
4339.03,52438,14040,52.438,52.438
5536.01,52542,14835,52.542,52.542
5703.06,52561,50144,52.561,52.561
2212.2,52623,9065,52.623,52.623
5357.01,52625,16669,52.625,52.625
5325,52639,8774,52.639,52.639
5356.05,52653,5970,52.653,52.653
1153.02,52679,13967,52.679,52.679
1200.1,52699,12379,52.699,52.699
1241.05,52708,8472,52.708,52.708
2133.1,52724,10518,52.724,52.724
5751.03,52748,3693,52.748,52.748
5766.01,52768,17552,52.768,52.768
3107.04,52769,6268,52.769,52.769
5308.01,52813,15145,52.813,52.813
4028.03,52857,14414,52.857,52.857
1221.2,52865,9419,52.865,52.865
1278.05,52917,14372,52.917,52.917
2315,52946,35401,52.946,52.946
2409.01,52969,26297,52.969,52.969
5418.01,52981,4331,52.981,52.981
2327.01,53036,28331,53.036,53.036
6025.07,53044,3695,53.044,53.044
2014.01,53050,13077,53.05,53.05
2111.24,53055,15751,53.055,53.055
9009.02,53083,16646,53.083,53.083
2190.1,53088,25347,53.088,53.088
4323,53125,13532,53.125,53.125
1232.03,53130,9751,53.13,53.13
1956,53145,21178,53.145,53.145
1345.21,53169,7348,53.169,53.169
6033.02,53173,19179,53.173,53.173
1321.02,53190,17238,53.19,53.19
4335.05,53190,11408,53.19,53.19
5703.03,53271,17047,53.271,53.271
2372.01,53294,9715,53.294,53.294
2036.02,53333,18349,53.333,53.333
4024.05,53393,12875,53.393,53.393
1242.03,53409,6827,53.409,53.409
2212.1,53453,6864,53.453,53.453
5344.03,53500,14679,53.5,53.5
1048.22,53542,17178,53.542,53.542
1393.02,53561,8340,53.561,53.561
1044.04,53594,12902,53.594,53.594
1095,53594,9611,53.594,53.594
9104.04,53598,7947,53.598,53.598
1253.1,53769,11571,53.769,53.769
5703.04,53778,10394,53.778,53.778
5321.01,53833,11032,53.833,53.833
5309.01,53860,16811,53.86,53.86
2286,53864,15860,53.864,53.864
1233.03,53866,12051,53.866,53.866
9100.02,53889,20205,53.889,53.889
2125.02,53900,12722,53.9,53.9
9009.01,53910,8854,53.91,53.91
2291,53958,13956,53.958,53.958
9006.07,54016,12556,54.016,54.016
1224.2,54022,6472,54.022,54.022
1064.08,54038,17259,54.038,54.038
5340.02,54063,23955,54.063,54.063
2014.02,54137,3080,54.137,54.137
2374.01,54178,10324,54.178,54.178
5522,54255,6642,54.255,54.255
2718.01,54259,7047,54.259,54.259
1310.21,54289,9548,54.289,54.289
6021.04,54321,9709,54.321,54.321
9110.01,54327,15872,54.327,54.327
5424.01,54375,14283,54.375,54.375
9111,54444,4491,54.444,54.444
1958.04,54459,33079,54.459,54.459
9102.18,54469,17041,54.469,54.469
2292,54481,14484,54.481,54.481
5042,54522,9447,54.522,54.522
5715.02,54535,8860,54.535,54.535
5539.02,54554,7501,54.554,54.554
2943.02,54595,9499,54.595,54.595
3017.02,54600,14906,54.6,54.6
5323.02,54600,15689,54.6,54.6
1273,54659,17361,54.659,54.659
6012.12,54671,14828,54.671,54.671
2119.1,54675,15278,54.675,54.675
1925.1,54688,11031,54.688,54.688
1222,54744,6186,54.744,54.744
1219,54773,15423,54.773,54.773
1151.04,54814,13623,54.814,54.814
5024.01,54847,27264,54.847,54.847
2696.02,54875,17753,54.875,54.875
2118.03,54922,6559,54.922,54.922
5334.03,54922,6826,54.922,54.922
1210.2,54956,18678,54.956,54.956
3018.01,55038,11090,55.038,55.038
5543.02,55050,9055,55.05,55.05
1343.06,55081,10396,55.081,55.081
5732.02,55158,7673,55.158,55.158
2197,55214,12089,55.214,55.214
4825.02,55250,13567,55.25,55.25
2281,55335,24583,55.335,55.335
5704.03,55336,6489,55.336,55.336
1310.22,55357,11133,55.357,55.357
5315.03,55417,14276,55.417,55.417
1271.03,55477,10380,55.477,55.477
5356.04,55543,7912,55.543,55.543
4615.02,55590,23460,55.59,55.59
2403.02,55604,37084,55.604,55.604
1272.1,55614,7323,55.614,55.614
3107.03,55625,23210,55.625,55.625
5552.11,55625,15378,55.625,55.625
5717.04,55625,12157,55.625,55.625
4020.02,55648,13760,55.648,55.648
5723.01,55650,7362,55.65,55.65
9107.15,55651,2693,55.651,55.651
1012.2,55682,9264,55.682,55.682
1895.02,55694,18376,55.694,55.694
5537.02,55747,4649,55.747,55.747
1286.01,55758,9300,55.758,55.758
1134.25,55791,8076,55.791,55.791
1992.02,55799,20805,55.799,55.799
5759.02,55801,9186,55.801,55.801
1134.27,55811,11730,55.811,55.811
5768.01,55819,14219,55.819,55.819
4325.01,55893,11419,55.893,55.893
2270.2,55917,11418,55.917,55.917
1271.04,55927,8743,55.927,55.927
4803.04,55927,10495,55.927,55.927
9005.06,55938,19862,55.938,55.938
9200.47,55959,6390,55.959,55.959
4333.06,56010,8858,56.01,56.01
5353,56010,18614,56.01,56.01
1835.2,56104,6808,56.104,56.104
5320.02,56131,11563,56.131,56.131
5358.02,56156,14924,56.156,56.156
5332.04,56173,3152,56.173,56.173
5428,56215,8060,56.215,56.215
4823.01,56250,22938,56.25,56.25
5323.03,56302,8910,56.302,56.302
2945.1,56324,13601,56.324,56.324
1340.02,56371,16700,56.371,56.371
4332,56371,7852,56.371,56.371
5702.02,56375,20911,56.375,56.375
1233.01,56380,17122,56.38,56.38
5355.02,56382,5514,56.382,56.382
3021.04,56500,13107,56.5,56.5
5026.02,56500,7518,56.5,56.5
5311.01,56568,8583,56.568,56.568
9003.01,56642,13297,56.642,56.642
2652.03,56656,19736,56.656,56.656
5414.02,56713,29924,56.713,56.713
4329.01,56765,20799,56.765,56.765
1066.04,56794,17642,56.794,56.794
2430.02,56809,8879,56.809,56.809
5348.04,56875,10082,56.875,56.875
4045.01,56893,7548,56.893,56.893
6008.02,56920,21794,56.92,56.92
4822.02,56964,14055,56.964,56.964
4029.03,56976,12404,56.976,56.976
4315.01,57012,12834,57.012,57.012
2032,57031,13398,57.031,57.031
1915,57148,11281,57.148,57.148
1046.1,57188,7489,57.188,57.188
4026.02,57198,30630,57.198,57.198
4025.03,57227,7361,57.227,57.227
9107.07,57250,5797,57.25,57.25
1881,57350,13170,57.35,57.35
5418.02,57370,27483,57.37,57.37
9010.1,57378,10179,57.378,57.378
1212.22,57500,17891,57.5,57.5
3020.04,57500,24574,57.5,57.5
1132.38,57523,13725,57.523,57.523
5338.05,57528,9332,57.528,57.528
6031.01,57568,12110,57.568,57.568
1113.04,57581,24513,57.581,57.581
1236.01,57588,8783,57.588,57.588
4324.01,57656,15251,57.656,57.656
5352,57663,8296,57.663,57.663
5538.01,57663,12500,57.663,57.663
5769.04,57673,17151,57.673,57.673
2314,57717,16006,57.717,57.717
9106.08,57760,15984,57.76,57.76
2411.1,57766,11603,57.766,57.766
5348.02,57788,13513,57.788,57.788
4324.02,57887,10718,57.887,57.887
3203,57955,10553,57.955,57.955
2225,57969,11823,57.969,57.969
2373,57974,16108,57.974,57.974
2187.01,58000,12401,58,58
1154.03,58013,8320,58.013,58.013
5317.02,58065,18956,58.065,58.065
1838.2,58100,11300,58.1,58.1
1281.01,58125,10573,58.125,58.125
2086.1,58125,13409,58.125,58.125
5731.01,58125,32926,58.125,58.125
5436.03,58200,12280,58.2,58.2
5765.03,58224,6466,58.224,58.224
6003.02,58287,14234,58.287,58.287
1395.04,58431,8786,58.431,58.431
4816.04,58438,14232,58.438,58.438
4045.04,58446,13866,58.446,58.446
1204,58478,9268,58.478,58.478
5422,58529,10138,58.529,58.529
1899.04,58594,6729,58.594,58.594
9200.31,58617,15610,58.617,58.617
6030.07,58715,31316,58.715,58.715
2149.03,58750,36084,58.75,58.75
4327,58750,6900,58.75,58.75
1924.2,58784,8401,58.784,58.784
2087.1,58788,4201,58.788,58.788
3012.04,58821,23934,58.821,58.821
1321.01,58849,17922,58.849,58.849
5765.02,58942,8560,58.942,58.942
4037.22,58995,5615,58.995,58.995
5338.06,59000,17543,59,59
1021.03,59005,15907,59.005,59.005
4816.06,59040,6707,59.04,59.04
2976.01,59047,13059,59.047,59.047
2041.1,59067,16787,59.067,59.067
5537.01,59097,10318,59.097,59.097
3012.06,59110,18365,59.11,59.11
5021,59125,22131,59.125,59.125
5511.02,59125,7130,59.125,59.125
2183,59149,17177,59.149,59.149
2015.04,59167,17604,59.167,59.167
2972.01,59189,14283,59.189,59.189
2127.01,59196,16338,59.196,59.196
9005.04,59212,7157,59.212,59.212
1831.01,59219,15520,59.219,59.219
9800.16,59250,2472,59.25,59.25
9008.08,59318,28929,59.318,59.318
2190.2,59327,5428,59.327,59.327
2703,59327,29057,59.327,59.327
2049.2,59345,17189,59.345,59.345
6021.06,59360,13369,59.36,59.36
6029,59375,35553,59.375,59.375
4341,59432,12625,59.432,59.432
1044.01,59464,18931,59.464,59.464
1958.02,59464,13023,59.464,59.464
2039,59479,9821,59.479,59.479
5400,59484,10788,59.484,59.484
5357.02,59538,6266,59.538,59.538
2346,59569,15289,59.569,59.569
1231.03,59609,10824,59.609,59.609
4042.01,59630,15992,59.63,59.63
1901.02,59632,17215,59.632,59.632
5512.01,59651,4427,59.651,59.651
1278.04,59693,5779,59.693,59.693
2047,59735,14372,59.735,59.735
4041,59750,9433,59.75,59.75
2932.06,59766,16793,59.766,59.766
1042.04,59844,27075,59.844,59.844
9203.42,59861,33514,59.861,59.861
2199.02,59901,12528,59.901,59.901
1349.04,60054,27869,60.054,60.054
2322,60076,24414,60.076,60.076
5327,60114,20963,60.114,60.114
3025.06,60131,15185,60.131,60.131
4340.03,60147,11117,60.147,60.147
1907.02,60150,7718,60.15,60.15
5405.01,60233,9629,60.233,60.233
2172,60250,22105,60.25,60.25
5717.01,60278,16193,60.278,60.278
1959.03,60313,18000,60.313,60.313
5706.01,60313,9621,60.313,60.313
1957.1,60359,13311,60.359,60.359
4814.01,60365,13944,60.365,60.365
2041.2,60441,12743,60.441,60.441
1310.23,60481,17359,60.481,60.481
1230.2,60500,22861,60.5,60.5
5315.04,60521,15102,60.521,60.521
5513,60556,9712,60.556,60.556
5349,60602,7439,60.602,60.602
5322,60676,6244,60.676,60.676
1325.01,60677,22364,60.677,60.677
4331.03,60694,18752,60.694,60.694
5551.06,60781,14838,60.781,60.781
5536.02,60806,8361,60.806,60.806
9005.01,60848,10382,60.848,60.848
5361.04,60885,3282,60.885,60.885
2912.2,60948,8518,60.948,60.948
2410.02,60962,11113,60.962,60.962
2037.1,60978,14215,60.978,60.978
4072.02,61039,6082,61.039,61.039
2696.01,61044,7771,61.044,61.044
1193.1,61250,34621,61.25,61.25
1349.06,61250,12421,61.25,61.25
1838.1,61250,12572,61.25,61.25
2348,61278,6201,61.278,61.278
6020.02,61319,7519,61.319,61.319
6024.03,61382,11618,61.382,61.382
1231.04,61389,14220,61.389,61.389
1395.06,61414,6367,61.414,61.414
5514.01,61429,7202,61.429,61.429
6030.05,61438,12331,61.438,61.438
1232.04,61471,14569,61.471,61.471
5004.02,61505,20223,61.505,61.505
2115,61538,14459,61.538,61.538
6009.12,61555,6752,61.555,61.555
2221,61563,14930,61.563,61.563
1132.34,61580,7064,61.58,61.58
1908.02,61612,9728,61.612,61.612
2345.01,61667,32598,61.667,61.667
5356.06,61683,15134,61.683,61.683
3024.01,61708,17287,61.708,61.708
2722.02,61786,17974,61.786,61.786
1274,61806,17757,61.806,61.806
1154.01,61875,12631,61.875,61.875
9107.14,61909,6906,61.909,61.909
4047.03,61925,8595,61.925,61.925
2186,61970,16516,61.97,61.97
5005,62031,11435,62.031,62.031
9107.21,62045,52074,62.045,62.045
6013.02,62143,4948,62.143,62.143
6041.01,62201,6198,62.201,62.201
2911.1,62222,17257,62.222,62.222
5548.01,62228,19774,62.228,62.228
1864.04,62264,7715,62.264,62.264
1113.02,62289,24617,62.289,62.289
3118.01,62337,18188,62.337,62.337
4809.03,62375,15258,62.375,62.375
1990.02,62390,16905,62.39,62.39
1134.26,62443,20172,62.443,62.443
5361.03,62447,12451,62.447,62.447
6031.02,62527,10472,62.527,62.527
9006.08,62527,22185,62.527,62.527
9008.07,62583,8381,62.583,62.583
1972,62612,8201,62.612,62.612
5354,62708,29266,62.708,62.708
5023.03,62729,8227,62.729,62.729
1317.02,62746,8210,62.746,62.746
2085.01,62750,8960,62.75,62.75
4017.06,62829,22900,62.829,62.829
1991.1,62837,15284,62.837,62.837
5307,62841,31049,62.841,62.841
6038.01,62866,8727,62.866,62.866
4090,62894,22260,62.894,62.894
5726,62895,16944,62.895,62.895
3105.01,62957,5270,62.957,62.957
2145.05,63000,28599,63,63
5335.01,63000,27402,63,63
5318,63029,17100,63.029,63.029
6030.04,63029,9743,63.029,63.029
5041.01,63047,7514,63.047,63.047
4821.01,63083,13211,63.083,63.083
9800.35,63083,13540,63.083,63.083
3019.02,63088,19059,63.088,63.088
6019,63153,15149,63.153,63.153
5337.03,63155,16575,63.155,63.155
4810.01,63159,18356,63.159,63.159
5413,63199,12708,63.199,63.199
2044.1,63214,19639,63.214,63.214
1351.15,63321,8591,63.321,63.321
6033.01,63362,11635,63.362,63.362
4817.13,63365,26201,63.365,63.365
1246,63370,8246,63.37,63.37
5439.05,63438,16890,63.438,63.438
5529,63497,4382,63.497,63.497
4030,63505,11548,63.505,63.505
5505.01,63534,10792,63.534,63.534
5521,63538,4037,63.538,63.538
4623.01,63583,13733,63.583,63.583
2655.23,63594,9179,63.594,63.594
5526.02,63615,11779,63.615,63.615
1834.02,63618,10299,63.618,63.618
4050.02,63625,19576,63.625,63.625
4811.02,63625,6033,63.625,63.625
5420,63668,7034,63.668,63.668
3005.03,63669,21607,63.669,63.669
4052.01,63675,7283,63.675,63.675
2323,63681,18692,63.681,63.681
6004,63702,7519,63.702,63.702
1242.01,63750,8024,63.75,63.75
5401.02,63750,7834,63.75,63.75
5426.02,63750,12139,63.75,63.75
5748,63778,16713,63.778,63.778
5544.04,63780,3383,63.78,63.78
6009.11,63833,14635,63.833,63.833
4029.04,63929,17006,63.929,63.929
1411.01,63932,15945,63.932,63.932
6040.02,63980,10186,63.98,63.98
5540.02,63984,17480,63.984,63.984
5362.02,64004,12374,64.004,64.004
5410.03,64009,15747,64.009,64.009
1863.01,64018,9934,64.018,64.018
1276.06,64133,12145,64.133,64.133
5552.12,64188,7595,64.188,64.188
5427,64208,3905,64.208,64.208
6701.01,64211,54237,64.211,64.211
4825.22,64281,6932,64.281,64.281
9107.13,64313,4624,64.313,64.313
4087.05,64333,18616,64.333,64.333
5535.04,64342,7280,64.342,64.342
2111.23,64348,15955,64.348,64.348
4037.21,64375,24714,64.375,64.375
2723.02,64408,20905,64.408,64.408
1864.03,64412,13424,64.412,64.412
1152.02,64429,8064,64.429,64.429
4621,64459,19627,64.459,64.459
5411,64464,23875,64.464,64.464
1898.02,64489,10912,64.489,64.489
1064.05,64490,10161,64.49,64.49
4825.21,64500,8565,64.5,64.5
4029.02,64511,14509,64.511,64.511
4320.02,64559,38826,64.559,64.559
4800.11,64592,18420,64.592,64.592
4073.02,64740,14526,64.74,64.74
4049.03,64766,11204,64.766,64.766
9105.05,64813,16714,64.813,64.813
1959.01,64821,27837,64.821,64.821
2017,64844,9817,64.844,64.844
4061.03,64846,11258,64.846,64.846
6039.01,64886,14316,64.886,64.886
4081.4,64900,8952,64.9,64.9
1198.02,64954,18006,64.954,64.954
2011.1,65000,17972,65,65
3108,65033,33041,65.033,65.033
1096.03,65060,12264,65.06,65.06
5704.04,65130,7753,65.13,65.13
1193.42,65149,10111,65.149,65.149
2267.01,65192,42228,65.192,65.192
5308.02,65227,9607,65.227,65.227
1914.2,65230,13153,65.23,65.23
4813,65300,4939,65.3,65.3
1837.01,65313,31323,65.313,65.313
2380,65313,14817,65.313,65.313
5345.02,65323,30691,65.323,65.323
4087.25,65341,14175,65.341,65.341
1918.2,65469,17369,65.469,65.469
4055,65500,18979,65.5,65.5
2676,65531,11071,65.531,65.531
5006,65577,16020,65.577,65.577
6013.01,65579,7869,65.579,65.579
4016.02,65591,9244,65.591,65.591
5362.01,65592,22572,65.592,65.592
2016.02,65625,17535,65.625,65.625
4315.02,65625,25670,65.625,65.625
5361.02,65625,17357,65.625,65.625
6042,65625,8438,65.625,65.625
1394.01,65649,25839,65.649,65.649
4076.01,65658,15762,65.658,65.658
2343.01,65690,16668,65.69,65.69
6506.04,65712,11581,65.712,65.712
5433.05,65714,13627,65.714,65.714
1836.1,65724,9229,65.724,65.724
3023.01,65750,17495,65.75,65.75
4044.02,65769,19435,65.769,65.769
1254.04,65778,2493,65.778,65.778
1171.02,65833,13975,65.833,65.833
3116.02,65902,21652,65.902,65.902
2111.21,65912,15968,65.912,65.912
1331.01,65954,18551,65.954,65.954
1045,65956,16940,65.956,65.956
5750.02,65969,15586,65.969,65.969
1061.14,65970,11976,65.97,65.97
1903.02,65976,31318,65.976,65.976
1277.11,66016,12211,66.016,66.016
5533,66037,20158,66.037,66.037
1313,66042,17517,66.042,66.042
5306.03,66061,12629,66.061,66.061
1895.01,66071,20285,66.071,66.071
2316.01,66081,17082,66.081,66.081
1043.22,66083,19241,66.083,66.083
4809.01,66085,14955,66.085,66.085
5020.05,66194,8697,66.194,66.194
1014,66210,28061,66.21,66.21
4819.02,66226,12939,66.226,66.226
5509.01,66250,12766,66.25,66.25
4815,66341,14184,66.341,66.341
2430.01,66406,18833,66.406,66.406
4053.02,66458,18653,66.458,66.458
7018.01,66464,9443,66.464,66.464
3012.03,66493,9338,66.493,66.493
2117.01,66563,37707,66.563,66.563
5037.01,66575,8776,66.575,66.575
2932.03,66615,21274,66.615,66.615
4336.01,66657,6263,66.657,66.657
2013.01,66658,18211,66.658,66.658
9008.05,66684,8373,66.684,66.684
9107.06,66724,11473,66.724,66.724
5509.02,66763,13224,66.763,66.763
6034,66786,16350,66.786,66.786
1203,66806,11953,66.806,66.806
4804,66809,31004,66.809,66.809
4812.03,66863,7959,66.863,66.863
4052.02,66875,7427,66.875,66.875
5719,66898,15085,66.898,66.898
5425.01,66954,22180,66.954,66.954
4086.28,66975,6170,66.975,66.975
5037.04,66983,23463,66.983,66.983
4082.12,67031,17873,67.031,67.031
4059,67047,12473,67.047,67.047
1853.1,67076,12274,67.076,67.076
2145.04,67083,54304,67.083,67.083
5512.04,67096,19072,67.096,67.096
7017.01,67113,18486,67.113,67.113
4048.04,67155,13468,67.155,67.155
4089,67209,19024,67.209,67.209
2171.02,67212,29446,67.212,67.212
4061.01,67317,13150,67.317,67.317
9107.18,67330,26344,67.33,67.33
6018.02,67361,11017,67.361,67.361
1433.01,67396,24864,67.396,67.396
4614,67399,14933,67.399,67.399
1896,67425,21213,67.425,67.425
2184,67426,16874,67.426,67.426
6506.06,67440,14172,67.44,67.44
4047.02,67462,9969,67.462,67.462
1112.05,67482,39316,67.482,67.482
4311,67500,21661,67.5,67.5
5706.02,67548,17075,67.548,67.548
4825.03,67566,10686,67.566,67.566
1871.02,67617,21600,67.617,67.617
5541.06,67772,8609,67.772,67.772
1341.01,67792,10601,67.792,67.792
2374.02,67863,11923,67.863,67.863
5429,67912,8842,67.912,67.912
4333.07,67917,15366,67.917,67.917
1340.01,67942,4157,67.942,67.942
4042.03,68029,7204,68.029,68.029
5431,68111,15344,68.111,68.111
2151.01,68148,9993,68.148,68.148
1834.01,68182,6918,68.182,68.182
4048.06,68182,6962,68.182,68.182
2384,68212,9300,68.212,68.212
2313.02,68281,32225,68.281,68.281
2933.04,68306,14467,68.306,68.306
2079.01,68333,32459,68.333,68.333
2911.2,68333,11267,68.333,68.333
5524,68333,10881,68.333,68.333
5035.01,68393,8514,68.393,68.393
4326.02,68407,16063,68.407,68.407
1343.04,68438,28889,68.438,68.438
4627,68500,27431,68.5,68.5
4334.02,68512,11249,68.512,68.512
6037.05,68611,9691,68.611,68.611
4603.02,68615,27965,68.615,68.615
2702,68651,11054,68.651,68.651
1046.2,68750,20968,68.75,68.75
4038.02,68750,12451,68.75,68.75
5007,68750,16248,68.75,68.75
5319.02,68750,20354,68.75,68.75
6012.02,68750,15105,68.75,68.75
2352.01,68828,9719,68.828,68.828
3018.02,68875,10197,68.875,68.875
1044.03,68929,19497,68.929,68.929
7019.02,68935,65393,68.935,68.935
5408,69000,12122,69,69
4011.01,69009,14465,69.009,69.009
1831.03,69032,12955,69.032,69.032
4013.12,69049,23165,69.049,69.049
5777,69146,9924,69.146,69.146
2015.01,69153,6166,69.153,69.153
1288.01,69232,11679,69.232,69.232
5544.06,69286,15620,69.286,69.286
1255.02,69397,9299,69.397,69.397
5430,69464,19247,69.464,69.464
7005.01,69477,12811,69.477,69.477
1899.07,69489,16911,69.489,69.489
4816.05,69500,25827,69.5,69.5
1341.04,69507,12327,69.507,69.507
1152.03,69609,17942,69.609,69.609
4071.01,69609,13672,69.609,69.609
5032.02,69635,25825,69.635,69.635
5031.04,69643,11713,69.643,69.643
1154.04,69688,17896,69.688,69.688
4310.03,69708,15554,69.708,69.708
5436.06,69716,23880,69.716,69.716
5523.02,69856,34678,69.856,69.856
3202.02,69867,30356,69.867,69.867
4051.01,69867,10684,69.867,69.867
7017.02,69904,32387,69.904,69.904
1091,70000,22504,70,70
5424.02,70000,9671,70,70
7001.01,70045,13509,70.045,70.045
1852.03,70096,30755,70.096,70.096
6026.01,70125,29224,70.125,70.125
5440.01,70163,29017,70.163,70.163
5015.03,70208,8959,70.208,70.208
4307.21,70221,22978,70.221,70.221
5018.02,70329,10340,70.329,70.329
1211.01,70382,10173,70.382,70.382
4053.01,70476,17609,70.476,70.476
2717.02,70504,12050,70.504,70.504
5535.02,70549,13164,70.549,70.549
5432.01,70550,12175,70.55,70.55
9006.11,70566,2969,70.566,70.566
5031.05,70568,18947,70.568,70.568
2699.03,70583,6540,70.583,70.583
4322.02,70590,24933,70.59,70.59
1048.21,70655,23594,70.655,70.655
3016.02,70677,17628,70.677,70.677
5540.01,70681,13898,70.681,70.681
2752,70689,4359,70.689,70.689
2974,70729,23381,70.729,70.729
1220,70764,21800,70.764,70.764
4811.01,70781,10187,70.781,70.781
9010.08,70795,16590,70.795,70.795
5020.03,70855,6670,70.855,70.855
1899.06,70868,9174,70.868,70.868
2751.02,70872,14856,70.872,70.872
4803.03,70938,14160,70.938,70.938
5550.01,70970,9001,70.97,70.97
1041.24,71000,20418,71,71
2149.04,71036,37515,71.036,71.036
1031.02,71038,13007,71.038,71.038
5031.06,71098,22416,71.098,71.098
5549,71122,8441,71.122,71.122
5768.02,71172,9686,71.172,71.172
4071.02,71176,13841,71.176,71.176
4023.01,71190,14596,71.19,71.19
5770,71230,17116,71.23,71.23
5025,71250,20914,71.25,71.25
6500.03,71330,11948,71.33,71.33
4006.02,71354,9231,71.354,71.354
6700.01,71361,17255,71.361,71.361
5302.04,71382,22761,71.382,71.382
5727,71383,5008,71.383,71.383
4091,71384,7866,71.384,71.384
5421.04,71397,17056,71.397,71.397
1065.2,71435,21713,71.435,71.435
4827.01,71438,15471,71.438,71.438
1042.01,71447,16531,71.447,71.447
4319,71468,15036,71.468,71.468
6514.02,71512,27578,71.512,71.512
1070.1,71546,14032,71.546,71.546
6701.02,71574,17876,71.574,71.574
4325.02,71577,16076,71.577,71.577
5731.02,71583,16192,71.583,71.583
9200.46,71619,4721,71.619,71.619
1910,71621,22448,71.621,71.621
2075.01,71628,12222,71.628,71.628
4083.01,71639,10914,71.639,71.639
4340.04,71652,11911,71.652,71.652
4309.01,71667,12379,71.667,71.667
4811.03,71706,5671,71.706,71.706
5766.02,71759,17824,71.759,71.759
2718.04,71764,20816,71.764,71.764
9107.19,71774,25285,71.774,71.774
2699.08,71808,11738,71.808,71.808
4077.02,71830,10313,71.83,71.83
9107.12,71842,24761,71.842,71.842
9200.5,71875,24024,71.875,71.875
4810.02,71957,9380,71.957,71.957
5347,71991,13169,71.991,71.991
4075.01,72000,9129,72,72
3106.01,72029,11350,72.029,72.029
1256,72096,21706,72.096,72.096
2734.04,72101,30401,72.101,72.101
6040.01,72147,12493,72.147,72.147
1066.48,72165,11727,72.165,72.165
4808.04,72188,14029,72.188,72.188
5518.02,72203,12689,72.203,72.203
4024.03,72215,6954,72.215,72.215
4086.23,72250,11374,72.25,72.25
4620.01,72250,12462,72.25,72.25
9010.07,72262,17766,72.262,72.262
4307.23,72268,13975,72.268,72.268
4081.39,72311,13041,72.311,72.311
2073.05,72330,24117,72.33,72.33
3011,72358,11630,72.358,72.358
4808.02,72368,35663,72.368,72.368
4049.01,72384,28796,72.384,72.384
1413.03,72399,16287,72.399,72.399
1341.03,72406,10410,72.406,72.406
5705.02,72420,13421,72.42,72.42
1899.05,72471,9841,72.471,72.471
9012.09,72500,13112,72.5,72.5
5502.01,72545,7683,72.545,72.545
2932.04,72554,37387,72.554,72.554
4824.04,72688,40584,72.688,72.688
5403,72822,11572,72.822,72.822
1287.03,72837,16551,72.837,72.837
1218.02,72844,23388,72.844,72.844
1862.01,72875,15086,72.875,72.875
9005.08,72891,15626,72.891,72.891
2942,72904,13224,72.904,72.904
5550.02,72946,25552,72.946,72.946
4310.04,72986,18170,72.986,72.986
4082.13,73000,9382,73,73
5520.02,73041,5442,73.041,73.041
4044.01,73125,9686,73.125,73.125
5517,73142,14312,73.142,73.142
4329.02,73162,9486,73.162,73.162
5722.01,73177,25102,73.177,73.177
4010.02,73194,18019,73.194,73.194
5359.02,73218,6520,73.218,73.218
2911.3,73242,14123,73.242,73.242
1920.01,73322,15958,73.322,73.322
5435.03,73322,14896,73.322,73.322
4326.01,73339,5986,73.339,73.339
1432,73362,8133,73.362,73.362
1048.24,73365,26999,73.365,73.365
2182.2,73455,21458,73.455,73.455
4828.01,73500,15839,73.5,73.5
5300.06,73528,11816,73.528,73.528
5321.02,73534,15506,73.534,73.534
2080.01,73553,23291,73.553,73.553
4038.01,73589,9892,73.589,73.589
6038.02,73602,23328,73.602,73.602
1251.01,73638,14604,73.638,73.638
1254.03,73654,10170,73.654,73.654
1436.05,73750,22638,73.75,73.75
3201.02,73750,23000,73.75,73.75
4027.06,73784,10282,73.784,73.784
4027.03,73826,17153,73.826,73.826
1032.01,73844,18919,73.844,73.844
4814.04,73846,26156,73.846,73.846
1212.21,73889,18289,73.889,73.889
4043.02,74063,16417,74.063,74.063
1314,74115,13768,74.115,74.115
2719.02,74186,10205,74.186,74.186
4081.37,74191,12422,74.191,74.191
9012.1,74219,18763,74.219,74.219
6025.12,74228,14868,74.228,74.228
5543.01,74273,14307,74.273,74.273
5734.02,74293,22806,74.293,74.293
1317.01,74294,12059,74.294,74.294
4314,74306,40430,74.306,74.306
5715.04,74375,10612,74.375,74.375
9011.01,74500,9554,74.5,74.5
2972.02,74567,27852,74.567,74.567
4338.03,74583,8670,74.583,74.583
7002,74605,21760,74.605,74.605
1011.1,74625,27799,74.625,74.625
4050.01,74653,13549,74.653,74.653
8003.37,74663,33804,74.663,74.663
5008,74688,15190,74.688,74.688
1193.2,74792,16848,74.792,74.792
5704.02,74805,12014,74.805,74.805
1316,74868,12412,74.868,74.868
9010.11,74871,22660,74.871,74.871
4033.26,74886,25233,74.886,74.886
4623.02,74931,21964,74.931,74.931
5539.01,75000,4355,75,75
4820.02,75013,17927,75.013,75.013
7018.02,75020,16839,75.02,75.02
1833,75048,6658,75.048,75.048
5409.02,75074,23653,75.074,75.074
1836.2,75083,30346,75.083,75.083
1330,75131,11482,75.131,75.131
4073.01,75167,10817,75.167,75.167
4081.38,75200,15173,75.2,75.2
5027,75208,17217,75.208,75.208
1327,75234,18755,75.234,75.234
1975,75276,6733,75.276,75.276
1192.02,75305,23332,75.305,75.305
1392,75361,14606,75.361,75.361
5730.03,75476,10526,75.476,75.476
5734.01,75536,23649,75.536,75.536
3102.02,75550,10533,75.55,75.55
6030.06,75756,16333,75.756,75.756
2722.01,75846,11151,75.846,75.846
5551.05,75902,14443,75.902,75.902
5401.01,75938,16951,75.938,75.938
6509.01,75938,20584,75.938,75.938
1323.02,75949,24142,75.949,75.949
9203.22,76012,19993,76.012,76.012
6007.04,76106,16819,76.106,76.106
2145.03,76131,4598,76.131,76.131
2151.02,76221,9987,76.221,76.221
1212.1,76250,17334,76.25,76.25
2733,76285,9211,76.285,76.285
4047.01,76319,10488,76.319,76.319
4072.01,76404,18717,76.404,76.404
9104.01,76522,12982,76.522,76.522
5030,76528,31098,76.528,76.528
9011.02,76675,17642,76.675,76.675
2195,76750,13689,76.75,76.75
4052.03,76776,6571,76.776,76.776
1249.03,76780,10261,76.78,76.78
6028.02,76810,12152,76.81,76.81
5300.07,76816,6639,76.816,76.816
5438.01,76848,14284,76.848,76.848
4826,76894,19777,76.894,76.894
6506.03,76897,16761,76.897,76.897
1320.01,76972,19602,76.972,76.972
5004.04,77028,13607,77.028,77.028
6099,77059,14835,77.059,77.059
2699.09,77074,14780,77.074,77.074
9200.35,77086,4459,77.086,77.086
5512.03,77109,14056,77.109,77.109
4615.01,77114,11963,77.114,77.114
2766.06,77143,32738,77.143,77.143
2077.12,77213,19102,77.213,77.213
5779,77220,4651,77.22,77.22
3201.01,77225,21284,77.225,77.225
1835.1,77292,25395,77.292,77.292
1976,77308,9045,77.308,77.308
2655.22,77348,21079,77.348,77.348
9107.16,77500,7415,77.5,77.5
1953,77525,10847,77.525,77.525
1133.23,77596,25133,77.596,77.596
3112,77599,11104,77.599,77.599
5417,77684,8562,77.684,77.684
4045.03,77721,5769,77.721,77.721
6036,77865,21177,77.865,77.865
5013.01,77868,31462,77.868,77.868
6014.02,77908,19878,77.908,77.908
1347.2,77926,13907,77.926,77.926
6511.02,77958,17630,77.958,77.958
4613,78030,20892,78.03,78.03
4300.04,78056,10253,78.056,78.056
1372.02,78095,12133,78.095,78.095
5515.01,78098,11335,78.098,78.098
5712.02,78125,35281,78.125,78.125
5990,78254,20532,78.254,78.254
2976.02,78276,21073,78.276,78.276
1239.02,78304,17271,78.304,78.304
5440.02,78421,6977,78.421,78.421
1349.05,78465,22810,78.465,78.465
7013.02,78542,21718,78.542,78.542
9102.15,78552,10993,78.552,78.552
4609,78643,9612,78.643,78.643
4027.05,78667,16669,78.667,78.667
2011.2,78750,3694,78.75,78.75
4307.24,78750,12007,78.75,78.75
5033.02,78810,7206,78.81,78.81
5433.06,78900,14016,78.9,78.9
5551.07,78947,18847,78.947,78.947
5508.01,78976,19813,78.976,78.976
7009.02,79037,17015,79.037,79.037
1216,79048,17660,79.048,79.048
2220.01,79082,8276,79.082,79.082
4021.02,79097,6722,79.097,79.097
4305.02,79167,18520,79.167,79.167
5526.01,79232,8049,79.232,79.232
1872,79327,4248,79.327,79.327
4812.01,79423,9097,79.423,79.423
9203.12,79444,19023,79.444,79.444
4006.05,79464,33171,79.464,79.464
4069.03,79500,11403,79.5,79.5
5531,79500,17068,79.5,79.5
1329,79534,10778,79.534,79.534
1897.02,79536,6793,79.536,79.536
2164.02,79583,11745,79.583,79.583
2701.02,79583,30355,79.583,79.583
5514.02,79583,17511,79.583,79.583
5553,79704,26004,79.704,79.704
4076.02,79732,15877,79.732,79.732
2766.05,79750,17614,79.75,79.75
2673,79919,31834,79.919,79.919
5031.03,79958,14506,79.958,79.958
3017.01,80032,17346,80.032,80.032
5020.04,80076,18958,80.076,80.076
2975.02,80109,20725,80.109,80.109
3109,80150,13388,80.15,80.15
5771,80203,6411,80.203,80.203
9800.25,80206,42307,80.206,80.206
4616,80231,27263,80.231,80.231
5016,80246,31881,80.246,80.246
4070.02,80313,23751,80.313,80.313
7003,80381,10855,80.381,80.381
2943.01,80382,15270,80.382,80.382
5506.01,80400,6253,80.4,80.4
4021.01,80417,12801,80.417,80.417
7008.01,80417,21019,80.417,80.417
6007.03,80446,10249,80.446,80.446
1898.01,80663,17694,80.663,80.663
1254.02,80703,21723,80.703,80.703
1237,80710,12665,80.71,80.71
1070.2,80739,11797,80.739,80.739
9200.48,80795,16819,80.795,80.795
1832.2,80817,17285,80.817,80.817
1252,80915,16386,80.915,80.915
4803.02,80943,8213,80.943,80.943
4060,81000,8948,81,81
9010.09,81021,14033,81.021,81.021
4808.03,81034,27554,81.034,81.034
5435.01,81054,11060,81.054,81.054
4086.31,81139,20717,81.139,81.139
4039.01,81172,17367,81.172,81.172
7028.03,81184,15833,81.184,81.184
4058,81250,8752,81.25,81.25
3019.01,81362,12106,81.362,81.362
5439.03,81413,14109,81.413,81.413
5024.02,81458,15335,81.458,81.458
5546,81458,10699,81.458,81.458
4022,81558,7132,81.558,81.558
5547,81563,11621,81.563,81.563
4636.01,81655,8329,81.655,81.655
9107.17,81667,30650,81.667,81.667
4057.02,81671,6093,81.671,81.671
6700.03,81691,20553,81.691,81.691
5715.05,81732,26774,81.732,81.732
4308.03,81875,25415,81.875,81.875
9201.02,81875,18782,81.875,81.875
3008,82016,28075,82.016,82.016
4806.01,82138,12304,82.138,82.138
1349.07,82146,15211,82.146,82.146
3118.02,82151,16249,82.151,82.151
5022,82188,16072,82.188,82.188
6032,82237,21148,82.237,82.237
6506.05,82250,21431,82.25,82.25
7004,82308,8979,82.308,82.308
4033.16,82383,17610,82.383,82.383
1021.05,82438,15646,82.438,82.438
6022.02,82472,22899,82.472,82.472
6514.01,82500,21019,82.5,82.5
4081.35,82593,20348,82.593,82.593
4301.02,82651,15151,82.651,82.651
5523.01,82679,10008,82.679,82.679
1238,82785,23105,82.785,82.785
4019.01,82813,24511,82.813,82.813
7009.01,82857,19684,82.857,82.857
2753.13,82862,37444,82.862,82.862
1064.03,82875,15097,82.875,82.875
6024.02,82917,11903,82.917,82.917
4081.33,83006,26056,83.006,83.006
3006.01,83053,18275,83.053,83.053
4049.02,83108,10131,83.108,83.108
4033.23,83125,14191,83.125,83.125
1152.04,83176,32015,83.176,83.176
5302.02,83182,14377,83.182,83.182
1021.07,83200,25955,83.2,83.2
2718.03,83226,6367,83.226,83.226
1348.01,83277,30199,83.277,83.277
1342.01,83295,11565,83.295,83.295
2092.01,83313,12021,83.313,83.313
2144,83314,9508,83.314,83.314
1974.2,83400,22897,83.4,83.4
2163.02,83417,20391,83.417,83.417
5004.03,83438,19144,83.438,83.438
5017,83438,29889,83.438,83.438
4070.01,83480,14249,83.48,83.48
1944.02,83485,20758,83.485,83.485
6006.01,83599,10810,83.599,83.599
4081.41,83618,11028,83.618,83.618
4084.01,83636,12531,83.636,83.636
5037.02,83664,7058,83.664,83.664
2701.01,83667,11295,83.667,83.667
5501.01,83667,33210,83.667,83.667
4080.04,83684,8796,83.684,83.684
6700.02,83791,9351,83.791,83.791
4622.02,83813,10969,83.813,83.813
2738,83821,8423,83.821,83.821
1862.02,83836,18267,83.836,83.836
5519,83843,11626,83.843,83.843
5527,83900,17233,83.9,83.9
7005.02,83971,26101,83.971,83.971
1094,83986,14587,83.986,83.986
1190.04,84028,17013,84.028,84.028
2169.01,84102,24596,84.102,84.102
5701,84120,9852,84.12,84.12
4015,84146,14591,84.146,84.146
7028.01,84207,29312,84.207,84.207
1199,84231,24200,84.231,84.231
4013.11,84268,13145,84.268,84.268
5534,84306,7450,84.306,84.306
2675.02,84315,15826,84.315,84.315
9200.29,84315,12838,84.315,84.315
1371.03,84327,11042,84.327,84.327
2753.11,84337,14569,84.337,84.337
4322.01,84412,23664,84.412,84.412
4635,84464,24411,84.464,84.464
1871.01,84531,11982,84.531,84.531
6503,84612,22519,84.612,84.612
6512.21,84625,19418,84.625,84.625
4086.26,84671,18322,84.671,84.671
1923,84924,23564,84.924,84.924
1133.01,84975,22054,84.975,84.975
5508.02,85017,20449,85.017,85.017
1065.1,85032,28218,85.032,85.032
4003.04,85119,17511,85.119,85.119
1210.1,85208,18900,85.208,85.208
1958.03,85234,16649,85.234,85.234
2171.01,85294,55890,85.294,85.294
4056,85368,15009,85.368,85.368
4080.06,85389,10107,85.389,85.389
1814,85409,5706,85.409,85.409
5436.05,85410,19889,85.41,85.41
2342,85429,19829,85.429,85.429
4020.01,85441,37623,85.441,85.441
1832.21,85450,21828,85.45,85.45
1436.03,85455,18919,85.455,85.455
2643.05,85493,12636,85.493,85.493
4307.01,85536,18154,85.536,85.536
3021.02,85729,21292,85.729,85.729
2964.01,85733,19072,85.733,85.733
1899.03,85745,20878,85.745,85.745
2963,85750,18284,85.75,85.75
2340.01,85757,15220,85.757,85.757
5528,85794,8920,85.794,85.794
1060.2,85800,19327,85.8,85.8
5010.01,85800,23006,85.8,85.8
9200.41,85821,6458,85.821,85.821
9203.34,85857,30395,85.857,85.857
5028.01,85859,10736,85.859,85.859
1240,85941,16583,85.941,85.941
5709.02,85964,15992,85.964,85.964
4079.02,86058,19643,86.058,86.058
4800.12,86058,10487,86.058,86.058
5019,86103,19419,86.103,86.103
5520.01,86111,15984,86.111,86.111
4046,86250,12197,86.25,86.25
1973,86326,11752,86.326,86.326
1133.24,86347,1414,86.347,86.347
9103.02,86375,12614,86.375,86.375
5503.01,86380,16681,86.38,86.38
1974.1,86414,30389,86.414,86.414
5434,86447,19148,86.447,86.447
2164.01,86504,9595,86.504,86.504
4066.02,86630,16858,86.63,86.63
4801.01,86639,19703,86.639,86.639
4064.13,86667,5688,86.667,86.667
2351,86700,6049,86.7,86.7
5515.02,86703,12451,86.703,86.703
1837.02,86719,21568,86.719,86.719
2127.02,86750,16473,86.75,86.75
3116.01,86750,49985,86.75,86.75
1412.01,86754,6779,86.754,86.754
4075.02,86806,13573,86.806,86.806
2699.07,86821,12085,86.821,86.821
5438.03,86838,32787,86.838,86.838
4312,86951,18987,86.951,86.951
4628,86955,9776,86.955,86.955
6005.01,86985,20109,86.985,86.985
1171.01,87014,15233,87.014,87.014
1318.02,87050,32495,87.05,87.05
1013,87066,27204,87.066,87.066
4033.18,87121,12207,87.121,87.121
4318,87148,22724,87.148,87.148
1413.06,87188,26172,87.188,87.188
2766.07,87273,30392,87.273,87.273
1924.1,87302,17568,87.302,87.302
4819.01,87303,13003,87.303,87.303
4034.02,87311,8928,87.311,87.311
5038.01,87381,12922,87.381,87.381
2933.01,87390,11229,87.39,87.39
1320.02,87432,23165,87.432,87.432
5767,87466,16960,87.466,87.466
4016.01,87500,19159,87.5,87.5
4801.02,87543,10569,87.543,87.543
4019.02,87608,12442,87.608,87.608
5750.01,87610,14701,87.61,87.61
1098,87750,25848,87.75,87.75
4006.03,87768,7405,87.768,87.768
1286.02,87772,25422,87.772,87.772
4802.02,87778,27226,87.778,87.778
1349.01,87875,23419,87.875,87.875
5510.01,87917,29528,87.917,87.917
1390.01,87952,19590,87.952,87.952
4080.03,88000,25435,88,88
1244,88125,22821,88.125,88.125
4067.02,88173,11449,88.173,88.173
2697,88214,14264,88.214,88.214
5518.01,88297,16361,88.297,88.297
7020.02,88375,14951,88.375,88.375
1851.01,88400,12221,88.4,88.4
3006.02,88403,12515,88.403,88.403
4083.02,88417,32393,88.417,88.417
5772,88520,7405,88.52,88.52
1133.03,88567,13485,88.567,88.567
5437.05,88634,15760,88.634,88.634
4040,88681,16729,88.681,88.681
2913,88690,23497,88.69,88.69
1882.01,88786,16397,88.786,88.786
9203.4,88787,24754,88.787,88.787
1348.02,88806,16870,88.806,88.806
2712,88889,33158,88.889,88.889
1064.06,89059,6293,89.059,89.059
5760.01,89109,12289,89.109,89.109
1245,89125,40601,89.125,89.125
1436.06,89135,47674,89.135,89.135
5542.01,89141,4781,89.141,89.141
4012.03,89172,14574,89.172,89.172
2699.05,89194,10010,89.194,89.194
9200.34,89234,15265,89.234,89.234
2678,89246,21239,89.246,89.246
1194,89281,14377,89.281,89.281
4033.28,89318,26953,89.318,89.318
6041.02,89347,28986,89.347,89.347
5742.02,89375,13704,89.375,89.375
7008.02,89398,23439,89.398,89.398
1312,89507,14841,89.507,89.507
3111,89545,26140,89.545,89.545
1919.02,89583,18266,89.583,89.583
1944.01,89657,14138,89.657,89.657
1134.24,89661,32773,89.661,89.661
5438.04,89667,20388,89.667,89.667
5433.21,89750,31412,89.75,89.75
5707.01,89821,17906,89.821,89.821
2656.01,89844,45419,89.844,89.844
4820.01,89890,24259,89.89,89.89
7025.02,89926,23498,89.926,89.926
1852.04,90000,17942,90,90
2756.03,90000,47046,90,90
5502.02,90000,10340,90,90
4033.19,90053,24252,90.053,90.053
5436.01,90069,17893,90.069,90.069
2364,90102,14722,90.102,90.102
5506.02,90156,19719,90.156,90.156
5773,90202,15871,90.202,90.202
1190.01,90238,9069,90.238,90.238
2933.02,90255,5747,90.255,90.255
5545.21,90280,12301,90.28,90.28
5776.02,90309,10013,90.309,90.309
1343.03,90313,21153,90.313,90.313
5412,90328,9579,90.328,90.328
1412.02,90474,12626,90.474,90.474
1852.02,90529,24910,90.529,90.529
1816,90571,31526,90.571,90.571
1372.03,90577,34949,90.577,90.577
9102.13,90682,68649,90.682,90.682
1863.02,90694,23585,90.694,90.694
9012.14,90741,22512,90.741,90.741
4821.02,90833,20968,90.833,90.833
1048.23,90852,21956,90.852,90.852
1043.1,90893,25068,90.893,90.893
4631.03,90923,8574,90.923,90.923
4309.02,90930,8473,90.93,90.93
6512.22,90963,7405,90.963,90.963
6508.02,91250,28401,91.25,91.25
2162.02,91281,23327,91.281,91.281
6500.04,91375,23388,91.375,91.375
4074,91389,21935,91.389,91.389
2735.02,91396,3459,91.396,91.396
4011.02,91483,12285,91.483,91.483
6027,91484,33756,91.484,91.484
6509.03,91542,30471,91.542,91.542
4012.02,91563,22382,91.563,91.563
1192.01,91597,11109,91.597,91.597
2657.02,91731,50246,91.731,91.731
7028.02,91743,10196,91.743,91.743
2761.01,91770,20636,91.77,91.77
1096.04,91776,10136,91.776,91.776
9108.14,91875,11693,91.875,91.875
4086.25,91898,21055,91.898,91.898
4067.01,91944,18809,91.944,91.944
1311,91989,17925,91.989,91.989
9201.15,92008,27708,92.008,92.008
9201.06,92061,6974,92.061,92.061
4039.02,92083,22779,92.083,92.083
5029.01,92101,20624,92.101,92.101
6206.01,92135,16986,92.135,92.135
4300.05,92194,35228,92.194,92.194
6510.02,92344,24808,92.344,92.344
6037.03,92364,21247,92.364,92.364
1891.01,92404,20806,92.404,92.404
4081.36,92411,18039,92.411,92.411
1941.01,92434,28632,92.434,92.434
4085.04,92500,18168,92.5,92.5
4624,92500,10854,92.5,92.5
4065,92599,13960,92.599,92.599
8003.33,92635,21281,92.635,92.635
6500.01,92674,30317,92.674,92.674
9200.3,92759,9695,92.759,92.759
1431.02,92800,20549,92.8,92.8
5548.02,92893,21971,92.893,92.893
4604.01,92917,35983,92.917,92.917
2074,93036,43287,93.036,93.036
9203.3,93051,15448,93.051,93.051
3004,93077,34504,93.077,93.077
1011.22,93125,15209,93.125,93.125
1172.02,93214,39881,93.214,93.214
2073.08,93226,32659,93.226,93.226
1310.24,93233,25551,93.233,93.233
4054,93286,14794,93.286,93.286
5530,93322,13537,93.322,93.322
2674.04,93333,24899,93.333,93.333
6035,93361,15671,93.361,93.361
2674.03,93367,14049,93.367,93.367
1288.02,93526,10490,93.526,93.526
5545.13,93542,20373,93.542,93.542
1132.11,93571,6223,93.571,93.571
7015.02,93590,18140,93.59,93.59
5714,93629,22754,93.629,93.629
1375.01,93654,14476,93.654,93.654
4303.02,93750,19275,93.75,93.75
1831.04,93798,21460,93.798,93.798
1832.22,93839,34066,93.839,93.839
3110,93864,24321,93.864,93.864
6501.02,94000,26660,94,94
4308.01,94196,19508,94.196,94.196
1190.03,94219,8247,94.219,94.219
2643.06,94313,35750,94.313,94.313
4036.01,94333,7910,94.333,94.333
1132.12,94464,16410,94.464,94.464
1066.49,94471,7740,94.471,94.471
6501.01,94481,26613,94.481,94.481
5010.02,94527,9753,94.527,94.527
9012.16,94528,18245,94.528,94.528
9203.29,94712,18140,94.712,94.712
4321.02,94895,14645,94.895,94.895
1891.02,95000,13378,95,95
4636.02,95094,24443,95.094,95.094
5038.02,95101,7734,95.101,95.101
4057.01,95189,7332,95.189,95.189
2756.05,95192,34435,95.192,95.192
4063,95231,22625,95.231,95.231
2169.02,95337,47120,95.337,95.337
2657.01,95357,52451,95.357,95.357
2360.01,95400,13106,95.4,95.4
6212.04,95417,17857,95.417,95.417
5720.01,95592,15202,95.592,95.592
7030.03,95613,20478,95.613,95.613
2716,95615,20496,95.615,95.615
1395.02,95625,23803,95.625,95.625
7032,95722,20270,95.722,95.722
3106.02,95729,18934,95.729,95.729
1096.01,95820,15014,95.82,95.82
4625,95833,30117,95.833,95.833
2145.01,95861,9128,95.861,95.861
1396,95893,20985,95.893,95.893
5433.22,95938,35576,95.938,95.938
3010,95956,16272,95.956,95.956
5510.02,96007,31094,96.007,96.007
1351.13,96042,22057,96.042,96.042
1285,96048,14453,96.048,96.048
9102.17,96058,12960,96.058,96.058
5437.03,96094,25648,96.094,96.094
1134.23,96108,9886,96.108,96.108
9200.42,96200,20327,96.2,96.2
5545.15,96250,25811,96.25,96.25
7031,96270,21310,96.27,96.27
9102.14,96337,8564,96.337,96.337
1093,96339,8705,96.339,96.339
1133.22,96387,9572,96.387,96.387
6213.24,96392,9870,96.392,96.392
5775.04,96411,16132,96.411,96.411
4827.02,96484,22901,96.484,96.484
1061.12,96688,9932,96.688,96.688
1952.01,96696,16447,96.696,96.696
3102.01,96696,17439,96.696,96.696
2719.01,96699,21550,96.699,96.699
7021.02,96724,28838,96.724,96.724
2721,96806,19914,96.806,96.806
1060.1,96964,30325,96.964,96.964
2698,96964,18131,96.964,96.964
6037.02,96964,31632,96.964,96.964
2643.04,97078,22210,97.078,97.078
9200.44,97100,6226,97.1,97.1
2672.01,97321,45524,97.321,97.321
5003,97425,14094,97.425,97.425
5778,97500,23662,97.5,97.5
5774,97528,17575,97.528,97.528
4078.02,97539,16839,97.539,97.539
9102.12,97569,17354,97.569,97.569
1955,97610,21221,97.61,97.61
5032.01,97639,19876,97.639,97.639
7022.01,97642,18205,97.642,97.642
2674.06,97704,30217,97.704,97.704
1198.01,97738,27897,97.738,97.738
9108.04,97792,19662,97.792,97.792
1873,97813,16362,97.813,97.813
4807.04,97818,16252,97.818,97.818
1284,97935,23690,97.935,97.935
6513.04,97940,6254,97.94,97.94
2766.08,98000,23276,98,98
9107.09,98088,30126,98.088,98.088
4034.04,98173,35758,98.173,98.173
5034.01,98239,22747,98.239,98.239
2170.02,98265,18020,98.265,98.265
4632,98300,22424,98.3,98.3
6511.01,98317,15932,98.317,98.317
2715,98452,28928,98.452,98.452
2723.01,98495,13841,98.495,98.495
9203.03,98533,13377,98.533,98.533
3104,98558,48368,98.558,98.558
4086.24,98571,30607,98.571,98.571
1113.03,98617,23915,98.617,98.617
5700.02,98631,9284,98.631,98.631
7024,98656,23976,98.656,98.656
4079.01,98707,43074,98.707,98.707
1197,98795,16323,98.795,98.795
6509.04,98846,16031,98.846,98.846
2655.24,98906,23030,98.906,98.906
1021.04,98973,19597,98.973,98.973
4818,99107,17199,99.107,99.107
5012,99107,13337,99.107,99.107
4634,99159,11062,99.159,99.159
5433.04,99167,16762,99.167,99.167
4602,99223,29862,99.223,99.223
2060.52,99241,25083,99.241,99.241
2717.03,99339,15884,99.339,99.339
1411.02,99375,24411,99.375,99.375
4611,99511,7616,99.511,99.511
5722.02,99524,7465,99.524,99.524
5026.03,99625,21962,99.625,99.625
9200.4,99688,14363,99.688,99.688
2674.05,99692,30192,99.692,99.692
1289.1,99750,26606,99.75,99.75
4320.01,99767,26134,99.767,99.767
1375.02,99804,22994,99.804,99.804
1431.01,99875,42150,99.875,99.875
1153.01,99938,18421,99.938,99.938
1061.13,99952,26201,99.952,99.952
1861,100074,10132,100.074,100.074
2732,100100,46089,100.1,100.1
5037.05,100284,19006,100.284,100.284
5532.02,100350,18498,100.35,100.35
1436.02,100482,18554,100.482,100.482
1941.02,100515,38396,100.515,100.515
2148,100573,40646,100.573,100.573
2753.12,100667,17720,100.667,100.667
2699.06,100682,15463,100.682,100.682
4321.01,100698,19963,100.698,100.698
9108.08,100759,36902,100.759,100.759
3015.01,100833,29659,100.833,100.833
5026.04,100918,28558,100.918,100.918
6704.07,100938,17554,100.938,100.938
7023,101014,31332,101.014,101.014
2765,101071,19488,101.071,101.071
1173.03,101146,30400,101.146,101.146
1954,101149,9914,101.149,101.149
4035,101250,31654,101.25,101.25
7030.02,101264,13385,101.264,101.264
6201.01,101389,12994,101.389,101.389
2149.02,101399,10625,101.399,101.399
5700.03,101406,15442,101.406,101.406
6213.26,101406,10154,101.406,101.406
1413.04,101455,16963,101.455,101.455
4086.27,101490,13878,101.49,101.49
2933.06,101500,17546,101.5,101.5
5745,101505,16490,101.505,101.505
1344.23,101563,24342,101.563,101.563
7016.02,101648,30318,101.648,101.648
4033.27,101705,16656,101.705,101.705
9203.31,101706,6919,101.706,101.706
1247,101719,35140,101.719,101.719
5300.05,101750,19471,101.75,101.75
5532.01,101750,12598,101.75,101.75
5034.02,101756,11409,101.756,101.756
1993,102000,36958,102,102
4316,102025,18994,102.025,102.025
5709.01,102109,13024,102.109,102.109
1041.03,102128,14376,102.128,102.128
4033.17,102150,26290,102.15,102.15
4081.34,102171,17758,102.171,102.171
4008.01,102250,12864,102.25,102.25
2162.01,102254,46830,102.254,102.254
1112.01,102266,17036,102.266,102.266
4037.03,102344,24342,102.344,102.344
1414,102351,9174,102.351,102.351
4034.08,102381,16866,102.381,102.381
9108.15,102400,9309,102.4,102.4
4078.01,102422,16678,102.422,102.422
1351.11,102535,24215,102.535,102.535
5707.03,102614,20696,102.614,102.614
2013.02,102654,12393,102.654,102.654
2970.02,102658,35231,102.658,102.658
4034.09,102679,19988,102.679,102.679
3012.05,102750,31600,102.75,102.75
9304,102778,51467,102.778,102.778
4068.01,102813,19911,102.813,102.813
4633,102821,9864,102.821,102.821
4004.02,103063,34157,103.063,103.063
1097,103153,16467,103.153,103.153
4087.22,103274,14443,103.274,103.274
1959.02,103438,48700,103.438,103.438
5545.22,103466,18148,103.466,103.466
4066.01,103636,13765,103.636,103.636
2651,103750,39856,103.75,103.75
3115,103750,17845,103.75,103.75
4034.01,103750,36339,103.75,103.75
5036.01,103750,16319,103.75,103.75
6502,103797,4864,103.797,103.797
4313,103846,17919,103.846,103.846
4610,103866,21439,103.866,103.866
2141,103901,26545,103.901,103.901
2713,103911,31492,103.911,103.911
2656.02,104375,27228,104.375,104.375
5545.18,104439,9817,104.439,104.439
1343.02,104476,26568,104.476,104.476
1173.02,104554,8178,104.554,104.554
4629,104596,38199,104.596,104.596
5435.02,104677,26171,104.677,104.677
2711,104821,35095,104.821,104.821
5039.02,104841,11356,104.841,104.841
5712.01,104846,9621,104.846,104.846
5437.01,104896,30942,104.896,104.896
3005.01,104926,22179,104.926,104.926
5776.05,104926,4542,104.926,104.926
8002.05,105130,8109,105.13,105.13
1132.35,105333,17203,105.333,105.333
3117,105394,12591,105.394,105.394
6510.01,105417,22764,105.417,105.417
2167,105455,17125,105.455,105.455
5713,105486,14184,105.486,105.486
2170.01,105532,15677,105.532,105.532
2654.1,105625,22443,105.625,105.625
1352.01,105841,7665,105.841,105.841
1945,105959,12597,105.959,105.959
2060.2,105972,16774,105.972,105.972
2672.02,106016,28091,106.016,106.016
1032.02,106125,24243,106.125,106.125
4033.24,106146,34353,106.146,106.146
2079.02,106206,10711,106.206,106.206
6023.01,106488,19576,106.488,106.488
3002,106490,21367,106.49,106.49
4083.03,106579,30517,106.579,106.579
5015.01,106713,18817,106.713,106.713
9010.12,106724,7402,106.724,106.724
2671.02,106742,44517,106.742,106.742
4084.02,106810,16684,106.81,106.81
1370,106902,30165,106.902,106.902
4308.02,106902,23681,106.902,106.902
1897.03,106970,29190,106.97,106.97
2641.02,107228,15696,107.228,107.228
1061.11,107277,20338,107.277,107.277
4086.29,107344,25878,107.344,107.344
5039.01,107344,19306,107.344,107.344
1111,107386,15209,107.386,107.386
9108.07,107386,11446,107.386,107.386
7014.02,107429,19450,107.429,107.429
1134.28,107522,13126,107.522,107.522
1413.05,107629,27295,107.629,107.629
2671.01,107664,28272,107.664,107.664
5545.17,107672,12713,107.672,107.672
8003.34,107672,26387,107.672,107.672
1352.02,107692,10219,107.692,107.692
2147,107692,40031,107.692,107.692
5718,107692,18615,107.692,107.692
7010,107695,43552,107.695,107.695
1810,107708,26015,107.708,107.708
9200.2,107969,24488,107.969,107.969
9203.32,108015,23634,108.015,108.015
1251.02,108021,43830,108.021,108.021
5741,108250,12217,108.25,108.25
9103.01,108269,24570,108.269,108.269
2652.04,108295,81706,108.295,108.295
3113,108385,21110,108.385,108.385
1319,108424,27978,108.424,108.424
1897.04,108430,61252,108.43,108.43
5545.14,108448,18996,108.448,108.448
5708,108485,12186,108.485,108.485
5437.04,108571,23269,108.571,108.571
1131.01,108587,14156,108.587,108.587
5743,108617,19224,108.617,108.617
2751.01,108750,29178,108.75,108.75
5002.03,108925,19292,108.925,108.925
4002.09,108932,8562,108.932,108.932
1031.01,109000,36458,109,109
1081.02,109091,13481,109.091,109.091
6007.02,109142,25297,109.142,109.142
4630,109223,17480,109.223,109.223
5736.01,109233,21524,109.233,109.233
1174.04,109242,16410,109.242,109.242
1034.01,109271,20741,109.271,109.271
5035.02,109340,16039,109.34,109.34
4018.02,109450,32087,109.45,109.45
6214,109485,14577,109.485,109.485
5040.02,109500,13920,109.5,109.5
4302,109519,39952,109.519,109.519
5776.04,109750,45374,109.75,109.75
4033.21,109924,13599,109.924,109.924
5711.01,109985,8773,109.985,109.985
2920.02,110040,12636,110.04,110.04
6213.01,110243,17986,110.243,110.243
7026,110285,33826,110.285,110.285
5746.02,110469,33086,110.469,110.469
5742.01,110500,6989,110.5,110.5
6704.16,110625,20809,110.625,110.625
3103,110729,43121,110.729,110.729
1066.41,111000,32127,111,111
2737,111036,23301,111.036,111.036
9102.1,111044,13606,111.044,111.044
5507,111212,12905,111.212,111.212
1352.04,111250,23683,111.25,111.25
2780.01,111274,30162,111.274,111.274
1092,111293,14047,111.293,111.293
2679.01,111299,9984,111.299,111.299
5738,111306,18225,111.306,111.306
2675.04,111383,22664,111.383,111.383
1883,111489,9554,111.489,111.489
9203.13,111711,32359,111.711,111.711
6008.01,111725,16488,111.725,111.725
1066.46,111758,14129,111.758,111.758
5700.01,111786,24529,111.786,111.786
2168,111929,22002,111.929,111.929
8004.12,111992,60305,111.992,111.992
4639,112188,12428,112.188,112.188
9010.13,112188,33664,112.188,112.188
1132.13,112222,23345,112.222,112.222
1066.42,112273,29725,112.273,112.273
4010.01,112281,14151,112.281,112.281
9200.17,112292,13977,112.292,112.292
1034.02,112306,26958,112.306,112.306
3003.01,112424,12704,112.424,112.424
4004.03,112622,16064,112.622,112.622
6704.05,112708,37716,112.708,112.708
4317.01,112924,26635,112.924,112.924
1433.02,112955,24361,112.955,112.955
6205.21,112964,23155,112.964,112.964
4037.02,113021,21052,113.021,113.021
3114,113088,19402,113.088,113.088
2146,113512,25712,113.512,113.512
1033,113568,22640,113.568,113.568
9203.26,113614,28846,113.614,113.614
5033.01,113750,19787,113.75,113.75
9012.17,113750,23254,113.75,113.75
1132.31,113929,24091,113.929,113.929
9203.28,113958,50269,113.958,113.958
9010.14,114007,26888,114.007,114.007
1815,114034,20263,114.034,114.034
1371.04,114167,33063,114.167,114.167
9203.14,114205,20033,114.205,114.205
9200.18,114219,20356,114.219,114.219
1066.45,114295,26288,114.295,114.295
4300.03,114654,13931,114.654,114.654
5710,115000,15069,115,115
6200.02,115000,25561,115,115
1862.03,115074,14563,115.074,115.074
1813,115174,18966,115.174,115.174
2691,115452,35227,115.452,115.452
9201.16,115461,27412,115.461,115.461
6508.01,115505,19261,115.505,115.505
5436.07,115536,27019,115.536,115.536
5734.03,115606,15490,115.606,115.606
6212.01,115632,26318,115.632,115.632
1112.02,115799,32774,115.799,115.799
4033.05,115926,15248,115.926,115.926
4012.01,116176,27460,116.176,116.176
1173.01,116333,18594,116.333,116.333
4085.05,116354,13654,116.354,116.354
6506.07,116406,45519,116.406,116.406
2643.03,116414,16755,116.414,116.414
1132.37,116696,63375,116.696,116.696
1434.01,116859,20103,116.859,116.859
5776.06,116900,21348,116.9,116.9
9201.14,117049,20168,117.049,117.049
4800.02,117182,18476,117.182,117.182
9201.09,117292,13084,117.292,117.292
6507.01,117500,11408,117.5,117.5
2652.01,117798,67426,117.798,117.798
5545.12,117895,18172,117.895,117.895
4640,118110,15322,118.11,118.11
2677,118333,27927,118.333,118.333
5737,118409,11654,118.409,118.409
1439.02,118419,19436,118.419,118.419
1287.04,118609,22688,118.609,118.609
4087.07,118714,6447,118.714,118.714
1882.02,119176,18682,119.176,119.176
9200.28,119219,29133,119.219,119.219
6505.01,119449,16833,119.449,119.449
2060.51,119453,59937,119.453,119.453
1435,119816,21363,119.816,119.816
5545.11,120000,32363,120,120
8001.03,120114,24078,120.114,120.114
1344.21,120156,29344,120.156,120.156
7022.02,120268,32543,120.268,120.268
4085.03,120330,15536,120.33,120.33
5744,120379,15833,120.379,120.379
7029,120437,7270,120.437,120.437
1920.02,120475,25546,120.475,120.475
2161,120526,31110,120.526,120.526
2975.01,120577,31445,120.577,120.577
2951.03,120769,14948,120.769,120.769
5505.02,121250,44415,121.25,121.25
2077.11,121477,35511,121.477,121.477
3013,121542,7897,121.542,121.542
9102.16,121563,14231,121.563,121.563
1112.06,122014,21150,122.014,122.014
1892.02,122188,24388,122.188,122.188
7027,122188,31353,122.188,122.188
6505.02,122240,13636,122.24,122.24
4802.01,122455,24379,122.455,122.455
6507.02,122692,12100,122.692,122.692
1437,122750,24458,122.75,122.75
6201.02,123167,43464,123.167,123.167
1374.01,123214,15616,123.214,123.214
3007.02,123445,3107,123.445,123.445
5711.02,123750,34874,123.75,123.75
8003.35,124167,22108,124.167,124.167
9201.12,124286,20843,124.286,124.286
5002.02,124321,37684,124.321,124.321
4626,124438,41293,124.438,124.438
5740,124485,21127,124.485,124.485
2964.02,124500,44190,124.5,124.5
4002.08,124722,14847,124.722,124.722
6203.05,124787,47496,124.787,124.787
1114.01,124946,22743,124.946,124.946
4805,125061,31768,125.061,125.061
4080.05,125354,17472,125.354,125.354
1082.04,125536,19254,125.536,125.536
9201.11,125572,13987,125.572,125.572
6022.01,125575,9569,125.575,125.575
1374.02,125750,19993,125.75,125.75
2679.02,126063,26325,126.063,126.063
4033.2,126328,20617,126.328,126.328
1132.32,126424,9108,126.424,126.424
5545.16,126450,24360,126.45,126.45
1952.02,126458,38138,126.458,126.458
2627.04,126528,16829,126.528,126.528
2641.03,126538,24022,126.538,126.538
5036.02,126705,31148,126.705,126.705
6513.02,126806,16526,126.806,126.806
1434.02,126875,42268,126.875,126.875
7015.01,126875,16448,126.875,126.875
7025.01,126875,22913,126.875,126.875
7013.04,127115,17618,127.115,127.115
6205.22,127269,28334,127.269,127.269
9200.45,127292,27617,127.292,127.292
1397.03,127750,32466,127.75,127.75
4033.25,127778,24197,127.778,127.778
2973,128068,46714,128.068,128.068
2741,128125,41100,128.125,128.125
9200.39,128125,13592,128.125,128.125
9201.1,128387,21590,128.387,128.387
6207.01,128466,29747,128.466,128.466
1082.03,128646,17293,128.646,128.646
3014,128889,66059,128.889,128.889
4017.05,129107,19867,129.107,129.107
4034.03,129569,17619,129.569,129.569
4304,129750,34526,129.75,129.75
9200.13,130026,29192,130.026,130.026
4806.02,130071,19410,130.071,130.071
9012.18,130199,23222,130.199,130.199
1344.22,130352,27836,130.352,130.352
4603.01,130438,45044,130.438,130.438
1151.01,130511,30831,130.511,130.511
1081.03,130585,12708,130.585,130.585
4303.01,130598,13160,130.598,130.598
1066.03,130806,42109,130.806,130.806
5749.01,130810,14770,130.81,130.81
4013.04,130841,5002,130.841,130.841
5545.19,131012,20765,131.012,131.012
3007.01,131058,19359,131.058,131.058
5775.01,131150,23598,131.15,131.15
2675.03,131250,82731,131.25,131.25
4600.02,131469,29966,131.469,131.469
1951,131745,11852,131.745,131.745
6208.02,131821,21200,131.821,131.821
2766.01,131905,40541,131.905,131.905
6512.01,132031,19635,132.031,132.031
1438.02,132052,18715,132.052,132.052
6200.01,132153,17618,132.153,132.153
8003.24,132340,17194,132.34,132.34
9201.18,132582,14686,132.582,132.582
4087.03,132583,22301,132.583,132.583
9201.04,132738,14499,132.738,132.738
4018.01,132950,27282,132.95,132.95
2717.04,133270,41603,133.27,133.27
3101,133937,13143,133.937,133.937
9200.16,134063,26151,134.063,134.063
6206.02,134118,7741,134.118,134.118
6205.01,134570,27861,134.57,134.57
9201.21,135132,22483,135.132,135.132
6202.01,135136,23540,135.136,135.136
2736,135204,32067,135.204,135.204
6204,135455,25700,135.455,135.455
2714,135590,44731,135.59,135.59
1082.02,135603,22597,135.603,135.603
2110,135612,13565,135.612,135.612
5552.02,135833,28437,135.833,135.833
7016.01,136250,20362,136.25,136.25
4601.01,136348,39498,136.348,136.348
4807.03,136875,22504,136.875,136.875
6023.02,137051,13506,137.051,137.051
4617,137321,16324,137.321,137.321
2754,137639,33845,137.639,137.639
4004.04,138257,17308,138.257,138.257
9200.49,138667,22464,138.667,138.667
2739.02,138750,32857,138.75,138.75
7012.02,138857,26145,138.857,138.857
6211.04,138906,29074,138.906,138.906
6210.01,139063,26694,139.063,139.063
2760,140446,23063,140.446,140.446
3001,140665,19610,140.665,140.665
2770,140985,33923,140.985,140.985
2731,140987,31221,140.987,140.987
1081.01,141250,25867,141.25,141.25
9203.39,141534,35452,141.534,141.534
4642,141725,35406,141.725,141.725
6702.01,141914,22423,141.914,141.914
1398.01,142250,41367,142.25,142.25
6210.05,142821,17427,142.821,142.821
6704.17,143750,26332,143.75,143.75
4606.01,144618,29142,144.618,144.618
4002.06,144803,19269,144.803,144.803
4034.07,145000,16769,145,145
1851.02,145088,37000,145.088,145.088
4637,145638,20295,145.638,145.638
1380,145968,24300,145.968,145.968
2690,146118,26956,146.118,146.118
1352.05,146500,73372,146.5,146.5
5739.02,146538,28286,146.538,146.538
8003.25,146649,22308,146.649,146.649
2140,146923,58087,146.923,146.923
1373.02,146990,24507,146.99,146.99
4305.01,147169,40661,147.169,147.169
1394.02,147500,26530,147.5,147.5
1397.01,147500,46232,147.5,147.5
9108.1,148125,25478,148.125,148.125
9203.38,148333,17454,148.333,148.333
8004.06,149048,38801,149.048,149.048
1344.24,149306,18238,149.306,149.306
8001.04,149318,44358,149.318,149.318
1351.02,150066,18818,150.066,150.066
1081.04,150125,28126,150.125,150.125
9800.24,150313,42416,150.313,150.313
8004.1,150469,62403,150.469,150.469
1112.04,150732,9301,150.732,150.732
4612,151375,26023,151.375,151.375
1393.01,151406,42498,151.406,151.406
6706.04,151538,32645,151.538,151.538
4306,151850,30680,151.85,151.85
9200.15,151902,9019,151.902,151.902
8001.01,152206,25188,152.206,152.206
4013.03,152917,22260,152.917,152.917
6704.13,153145,11418,153.145,153.145
6707.01,153302,37509,153.302,153.302
2781.02,153654,30501,153.654,153.654
2771,154063,21756,154.063,154.063
3009.02,154185,17876,154.185,154.185
5002.04,154299,58755,154.299,154.299
1131.02,154514,22277,154.514,154.514
2742.02,155366,30733,155.366,155.366
6504.01,155583,26302,155.583,155.583
3009.01,155882,36492,155.882,155.882
9200.43,155917,21796,155.917,155.917
1894,156161,23325,156.161,156.161
4002.07,156250,24516,156.25,156.25
1893,156827,21585,156.827,156.827
6703.26,157130,30083,157.13,157.13
1398.02,157656,51735,157.656,157.656
2627.06,158625,96500,158.625,158.625
1397.04,158750,92073,158.75,158.75
1375.04,159464,38495,159.464,159.464
9201.19,160078,13446,160.078,160.078
9108.09,160250,51145,160.25,160.25
4607,160565,32275,160.565,160.565
8002.04,161144,48217,161.144,161.144
6207.04,161462,14898,161.462,161.462
6211.02,161667,57792,161.667,161.667
2611.02,164219,50034,164.219,164.219
1438.01,165227,49812,165.227,165.227
1373.01,166172,26060,166.172,166.172
4638,168500,28754,168.5,168.5
1416,169185,64316,169.185,169.185
6704.18,169345,21073,169.345,169.345
8003.38,170259,21289,170.259,170.259
8004.11,170299,46552,170.299,170.299
8005.04,170458,40548,170.458,170.458
4807.02,170541,18008,170.541,170.541
6203.03,170694,69644,170.694,170.694
4005.01,172250,66133,172.25,172.25
6208.01,173462,35794,173.462,173.462
2622,173472,60920,173.472,173.472
2756.04,173569,16921,173.569,173.569
7006,173672,44008,173.672,173.672
9102.11,174167,60548,174.167,174.167
8003.36,174682,27440,174.682,174.682
4641.01,175294,38269,175.294,175.294
2764,175625,46335,175.625,175.625
1066.43,176429,22129,176.429,176.429
2612,178750,30075,178.75,178.75
6203.01,179032,47131,179.032,179.032
4641.02,179398,74040,179.398,179.398
4605.01,180417,17881,180.417,180.417
8005.06,180493,63683,180.493,180.493
5001,180720,24697,180.72,180.72
2628.02,182042,65168,182.042,182.042
6707.02,182260,62332,182.26,182.26
6209.04,185119,30014,185.119,185.119
6207.03,185204,44771,185.204,185.204
2626.04,187500,41315,187.5,187.5
1942,190671,46712,190.671,190.671
9201.2,191161,34716,191.161,191.161
2693,193750,58155,193.75,193.75
7007,194154,84971,194.154,194.154
6704.06,194236,32339,194.236,194.236
4600.01,194375,76268,194.375,194.375
2970.01,195064,110007,195.064,195.064
1415,195500,73637,195.5,195.5
8002.02,195599,28656,195.599,195.599
2640,196250,72849,196.25,196.25
2654.2,200179,84026,200.179,200.179
2623.02,200781,81190,200.781,200.781
2626.01,201094,26369,201.094,201.094
2611.03,202266,46114,202.266,202.266
6703.28,204179,40841,204.179,204.179
2695,204583,53353,204.583,204.583
1439.01,204653,50800,204.653,204.653
6702.02,206964,15958,206.964,206.964
6703.24,207096,45708,207.096,207.096
4002.05,207270,58187,207.27,207.27
1397.05,208381,31917,208.381,208.381
7012.01,209083,74257,209.083,209.083
6706.03,209500,81093,209.5,209.5
6209.01,215156,40006,215.156,215.156
4605.02,216750,54342,216.75,216.75
2611.04,217396,81525,217.396,217.396
4608,221375,56765,221.375,221.375
8003.28,225819,41905,225.819,225.819
1943,228836,57629,228.836,228.836
2623.01,231188,37290,231.188,231.188
8002.06,236709,25358,236.709,236.709
2625.01,246750,30597,246.75,246.75
6705,250000,60306,250,250
